fecha,servicio,tienda,ventas
11/24/2020,Pro,tienda_A,28539
3/27/2021,Pro,tienda_A,4236
2/21/2021,Pro,tienda_A,4206
12/11/2020,Pro,tienda_A,22982
11/1/2020,Pro,tienda_A,4200
6/15/2020,Pro,tienda_A,28534
2/10/2021,Pro,tienda_A,24348
9/12/2020,Pro,tienda_A,4481
4/24/2020,Pro,tienda_A,16969
3/23/2021,Pro,tienda_A,27684
9/30/2020,Pro,tienda_A,27611
1/15/2021,Pro,tienda_A,23666
6/13/2021,Pro,tienda_A,3855
7/20/2020,Pro,tienda_A,29852
3/15/2021,Pro,tienda_A,28920
3/3/2020,Pro,tienda_A,25762
7/26/2020,Pro,tienda_A,3982
5/2/2021,Pro,tienda_A,3413
8/17/2020,Pro,tienda_A,29101
1/21/2021,Pro,tienda_A,27227
2/24/2021,Pro,tienda_A,27466
12/25/2020,Pro,tienda_A,8257
11/3/2020,Pro,tienda_A,27313
11/20/2020,Pro,tienda_A,23200
2/23/2021,Pro,tienda_A,25839
8/5/2020,Pro,tienda_A,27039
9/28/2020,Pro,tienda_A,27772
11/6/2020,Pro,tienda_A,23797
3/5/2020,Pro,tienda_A,24583
6/16/2020,Pro,tienda_A,27408
5/29/2020,Pro,tienda_A,20207
8/18/2020,Pro,tienda_A,28312
3/5/2021,Pro,tienda_A,23534
6/20/2020,Pro,tienda_A,4346
11/13/2020,Pro,tienda_A,23062
1/25/2021,Pro,tienda_A,29386
5/6/2020,Pro,tienda_A,21089
4/8/2021,Pro,tienda_A,26248
6/26/2020,Pro,tienda_A,20412
4/12/2021,Pro,tienda_A,27584
4/23/2021,Pro,tienda_A,21768
2/8/2020,Pro,tienda_A,3227
4/29/2020,Pro,tienda_A,18245
2/3/2021,Pro,tienda_A,27707
9/11/2020,Pro,tienda_A,24842
6/10/2020,Pro,tienda_A,26676
4/16/2020,Pro,tienda_A,19695
6/18/2020,Pro,tienda_A,26167
11/21/2020,Pro,tienda_A,3867
11/10/2020,Pro,tienda_A,29475
3/13/2021,Pro,tienda_A,4192
7/27/2020,Pro,tienda_A,28061
11/4/2020,Pro,tienda_A,27816
1/16/2021,Pro,tienda_A,4160
5/31/2021,Pro,tienda_A,21993
5/3/2020,Pro,tienda_A,4055
1/28/2021,Pro,tienda_A,26532
12/21/2020,Pro,tienda_A,26616
6/2/2020,Pro,tienda_A,25964
8/13/2020,Pro,tienda_A,25422
9/14/2020,Pro,tienda_A,31175
4/14/2020,Pro,tienda_A,19315
3/18/2020,Pro,tienda_A,20930
5/23/2020,Pro,tienda_A,3584
3/22/2021,Pro,tienda_A,29792
3/11/2020,Pro,tienda_A,25138
7/18/2020,Pro,tienda_A,4481
9/29/2020,Pro,tienda_A,28956
5/27/2021,Pro,tienda_A,25553
3/1/2020,Pro,tienda_A,3535
6/14/2021,Pro,tienda_A,23884
11/8/2020,Pro,tienda_A,4134
8/10/2020,Pro,tienda_A,26089
4/25/2020,Pro,tienda_A,3391
4/2/2021,Pro,tienda_A,15453
1/24/2021,Pro,tienda_A,4291
2/22/2021,Pro,tienda_A,29994
4/18/2021,Pro,tienda_A,4063
5/16/2021,Pro,tienda_A,3174
8/26/2020,Pro,tienda_A,27098
5/27/2020,Pro,tienda_A,24589
2/22/2020,Pro,tienda_A,3784
7/11/2020,Pro,tienda_A,4543
5/21/2021,Pro,tienda_A,22249
11/23/2020,Pro,tienda_A,27895
12/20/2020,Pro,tienda_A,4282
2/13/2020,Pro,tienda_A,23493
4/29/2021,Pro,tienda_A,22809
3/28/2021,Pro,tienda_A,3194
7/1/2020,Pro,tienda_A,27517
11/30/2020,Pro,tienda_A,29372
7/23/2020,Pro,tienda_A,24984
2/15/2021,Pro,tienda_A,22182
2/6/2021,Pro,tienda_A,4048
3/6/2021,Pro,tienda_A,4250
7/28/2020,Pro,tienda_A,26949
2/12/2021,Pro,tienda_A,17953
1/11/2021,Pro,tienda_A,29205
5/25/2021,Pro,tienda_A,28306
6/5/2021,Pro,tienda_A,3698
12/8/2020,Pro,tienda_A,27785
3/25/2021,Pro,tienda_A,26599
8/28/2020,Pro,tienda_A,23127
5/18/2021,Pro,tienda_A,28540
5/19/2020,Pro,tienda_A,23922
2/9/2021,Pro,tienda_A,26141
8/8/2020,Pro,tienda_A,4488
8/22/2020,Pro,tienda_A,4268
3/3/2021,Pro,tienda_A,28579
11/2/2020,Pro,tienda_A,29095
8/31/2020,Pro,tienda_A,27731
2/16/2020,Pro,tienda_A,4092
4/23/2020,Pro,tienda_A,19894
2/14/2021,Pro,tienda_A,3458
4/4/2021,Pro,tienda_A,3143
3/8/2021,Pro,tienda_A,28865
11/11/2020,Pro,tienda_A,26424
2/27/2021,Pro,tienda_A,4003
3/9/2020,Pro,tienda_A,25960
5/19/2021,Pro,tienda_A,26479
6/18/2021,Pro,tienda_A,23521
1/12/2021,Pro,tienda_A,29431
3/29/2020,Pro,tienda_A,3269
6/12/2021,Pro,tienda_A,4090
8/2/2020,Pro,tienda_A,3474
5/3/2021,Pro,tienda_A,18814
5/12/2020,Pro,tienda_A,24268
2/16/2021,Pro,tienda_A,23001
4/19/2021,Pro,tienda_A,29153
4/2/2020,Pro,tienda_A,17995
5/28/2020,Pro,tienda_A,22939
7/12/2020,Pro,tienda_A,3877
4/25/2021,Pro,tienda_A,6625
2/20/2021,Pro,tienda_A,5781
8/25/2020,Pro,tienda_A,28324
6/19/2020,Pro,tienda_A,22823
5/30/2021,Pro,tienda_A,3728
2/25/2021,Pro,tienda_A,26008
6/14/2020,Pro,tienda_A,3944
3/25/2020,Pro,tienda_A,17481
5/9/2020,Pro,tienda_A,5439
6/23/2020,Pro,tienda_A,28692
3/30/2021,Pro,tienda_A,26615
12/19/2020,Pro,tienda_A,4147
3/26/2020,Pro,tienda_A,18093
5/21/2020,Pro,tienda_A,21094
9/15/2020,Pro,tienda_A,29477
3/13/2020,Pro,tienda_A,20150
3/23/2020,Pro,tienda_A,20680
5/6/2021,Pro,tienda_A,26631
6/6/2021,Pro,tienda_A,4143
7/4/2020,Pro,tienda_A,3930
3/17/2021,Pro,tienda_A,27169
3/16/2021,Pro,tienda_A,29444
4/8/2020,Pro,tienda_A,17352
9/24/2020,Pro,tienda_A,27286
2/6/2020,Pro,tienda_A,22148
3/11/2021,Pro,tienda_A,26781
6/3/2021,Pro,tienda_A,23760
12/16/2020,Pro,tienda_A,27400
1/30/2021,Pro,tienda_A,4058
5/1/2020,Pro,tienda_A,8363
6/7/2021,Pro,tienda_A,28543
4/15/2020,Pro,tienda_A,18492
5/15/2020,Pro,tienda_A,19823
3/20/2020,Pro,tienda_A,16100
6/12/2020,Pro,tienda_A,22442
1/10/2021,Pro,tienda_A,4239
8/30/2020,Pro,tienda_A,4185
5/20/2021,Pro,tienda_A,27041
1/7/2021,Pro,tienda_A,26740
2/27/2020,Pro,tienda_A,23629
5/18/2020,Pro,tienda_A,25585
12/6/2020,Pro,tienda_A,4266
1/20/2021,Pro,tienda_A,27897
6/22/2021,Pro,tienda_A,29097
9/26/2020,Pro,tienda_A,4645
9/21/2020,Pro,tienda_A,28945
12/2/2020,Pro,tienda_A,27317
9/9/2020,Pro,tienda_A,29355
7/3/2020,Pro,tienda_A,21108
6/23/2021,Pro,tienda_A,27547
8/19/2020,Pro,tienda_A,26988
7/14/2020,Pro,tienda_A,27864
1/9/2021,Pro,tienda_A,4201
4/18/2020,Pro,tienda_A,3593
4/22/2021,Pro,tienda_A,25814
2/2/2020,Pro,tienda_A,3488
9/23/2020,Pro,tienda_A,28554
1/22/2021,Pro,tienda_A,24102
8/4/2020,Pro,tienda_A,27739
4/13/2021,Pro,tienda_A,26398
5/11/2021,Pro,tienda_A,26857
6/3/2020,Pro,tienda_A,25125
7/30/2020,Pro,tienda_A,25407
4/30/2021,Pro,tienda_A,19527
4/4/2020,Pro,tienda_A,3192
3/21/2020,Pro,tienda_A,3628
4/7/2020,Pro,tienda_A,18821
6/4/2021,Pro,tienda_A,21462
7/19/2020,Pro,tienda_A,4064
9/2/2020,Pro,tienda_A,28338
2/7/2021,Pro,tienda_A,5494
3/2/2020,Pro,tienda_A,24829
11/5/2020,Pro,tienda_A,27266
8/16/2020,Pro,tienda_A,4327
11/27/2020,Pro,tienda_A,19784
9/20/2020,Pro,tienda_A,3191
5/12/2021,Pro,tienda_A,24703
2/9/2020,Pro,tienda_A,3637
3/14/2020,Pro,tienda_A,3900
9/4/2020,Pro,tienda_A,23447
3/2/2021,Pro,tienda_A,29405
3/15/2020,Pro,tienda_A,3786
4/16/2021,Pro,tienda_A,22861
5/14/2021,Pro,tienda_A,20010
3/19/2020,Pro,tienda_A,19848
8/6/2020,Pro,tienda_A,26405
11/26/2020,Pro,tienda_A,22103
3/7/2021,Pro,tienda_A,4279
4/27/2020,Pro,tienda_A,22166
6/25/2020,Pro,tienda_A,23293
6/24/2021,Pro,tienda_A,23421
12/31/2020,Pro,tienda_A,11822
1/31/2021,Pro,tienda_A,4179
3/28/2020,Pro,tienda_A,3376
12/22/2020,Pro,tienda_A,25254
8/21/2020,Pro,tienda_A,22667
1/23/2021,Pro,tienda_A,4310
5/23/2021,Pro,tienda_A,4656
1/18/2021,Pro,tienda_A,28631
5/2/2020,Pro,tienda_A,2935
6/15/2021,Pro,tienda_A,29530
5/10/2021,Pro,tienda_A,27642
12/7/2020,Pro,tienda_A,28902
6/1/2021,Pro,tienda_A,26006
4/9/2021,Pro,tienda_A,22113
6/20/2021,Pro,tienda_A,3823
12/9/2020,Pro,tienda_A,28202
6/21/2020,Pro,tienda_A,4133
7/8/2020,Pro,tienda_A,27906
4/17/2021,Pro,tienda_A,4041
5/24/2020,Pro,tienda_A,3272
7/31/2020,Pro,tienda_A,20531
5/28/2021,Pro,tienda_A,21981
5/22/2021,Pro,tienda_A,3977
9/1/2020,Pro,tienda_A,28048
12/5/2020,Pro,tienda_A,4064
7/29/2020,Pro,tienda_A,26981
6/2/2021,Pro,tienda_A,25286
6/8/2020,Pro,tienda_A,26719
2/26/2021,Pro,tienda_A,22613
3/6/2020,Pro,tienda_A,21748
3/21/2021,Pro,tienda_A,3957
12/28/2020,Pro,tienda_A,22082
8/15/2020,Pro,tienda_A,4000
4/1/2021,Pro,tienda_A,22883
8/3/2020,Pro,tienda_A,27259
6/25/2021,Pro,tienda_A,33
9/6/2020,Pro,tienda_A,4139
5/22/2020,Pro,tienda_A,19247
2/18/2021,Pro,tienda_A,25589
7/22/2020,Pro,tienda_A,27923
2/29/2020,Pro,tienda_A,3567
1/19/2021,Pro,tienda_A,29306
6/27/2020,Pro,tienda_A,4187
5/17/2021,Pro,tienda_A,28250
4/15/2021,Pro,tienda_A,25060
3/24/2021,Pro,tienda_A,27199
2/18/2020,Pro,tienda_A,25696
11/12/2020,Pro,tienda_A,27466
1/3/2021,Pro,tienda_A,3743
4/14/2021,Pro,tienda_A,25159
2/28/2020,Pro,tienda_A,20037
6/13/2020,Pro,tienda_A,4200
3/1/2021,Pro,tienda_A,29055
7/21/2020,Pro,tienda_A,29142
12/30/2020,Pro,tienda_A,17044
8/24/2020,Pro,tienda_A,29815
12/3/2020,Pro,tienda_A,26774
6/28/2020,Pro,tienda_A,7274
8/1/2020,Pro,tienda_A,4141
3/8/2020,Pro,tienda_A,3709
6/17/2020,Pro,tienda_A,26091
2/25/2020,Pro,tienda_A,25000
3/9/2021,Pro,tienda_A,29190
12/12/2020,Pro,tienda_A,4032
4/12/2020,Pro,tienda_A,3210
7/2/2020,Pro,tienda_A,26417
4/30/2020,Pro,tienda_A,18281
5/4/2020,Pro,tienda_A,18867
4/3/2020,Pro,tienda_A,15891
10/31/2020,Pro,tienda_A,3881
9/16/2020,Pro,tienda_A,28558
2/2/2021,Pro,tienda_A,28320
2/21/2020,Pro,tienda_A,19603
3/19/2021,Pro,tienda_A,23729
3/31/2020,Pro,tienda_A,18829
7/10/2020,Pro,tienda_A,23867
2/13/2021,Pro,tienda_A,3084
5/16/2020,Pro,tienda_A,3774
1/4/2021,Pro,tienda_A,27880
9/17/2020,Pro,tienda_A,27829
6/4/2020,Pro,tienda_A,25363
2/17/2021,Pro,tienda_A,23696
1/1/2021,Pro,tienda_A,2431
12/1/2020,Pro,tienda_A,28484
5/13/2020,Pro,tienda_A,23661
5/7/2021,Pro,tienda_A,22215
9/8/2020,Pro,tienda_A,30588
11/17/2020,Pro,tienda_A,29290
3/7/2020,Pro,tienda_A,3914
2/1/2021,Pro,tienda_A,29017
3/14/2021,Pro,tienda_A,4316
2/10/2020,Pro,tienda_A,23502
12/4/2020,Pro,tienda_A,24052
3/10/2020,Pro,tienda_A,24567
9/5/2020,Pro,tienda_A,4456
6/30/2020,Pro,tienda_A,28582
3/4/2020,Pro,tienda_A,24892
5/24/2021,Pro,tienda_A,25007
5/15/2021,Pro,tienda_A,3894
3/27/2020,Pro,tienda_A,16207
5/1/2021,Pro,tienda_A,2539
1/13/2021,Pro,tienda_A,28751
6/22/2020,Pro,tienda_A,28899
5/8/2020,Pro,tienda_A,18915
6/9/2021,Pro,tienda_A,27252
1/6/2021,Pro,tienda_A,25242
6/21/2021,Pro,tienda_A,28692
5/31/2020,Pro,tienda_A,3735
9/7/2020,Pro,tienda_A,24685
11/18/2020,Pro,tienda_A,27960
7/15/2020,Pro,tienda_A,27627
7/24/2020,Pro,tienda_A,21230
5/26/2020,Pro,tienda_A,24053
2/15/2020,Pro,tienda_A,3513
2/3/2020,Pro,tienda_A,23553
2/11/2020,Pro,tienda_A,23708
12/18/2020,Pro,tienda_A,22219
2/28/2021,Pro,tienda_A,4107
1/14/2021,Pro,tienda_A,26578
12/27/2020,Pro,tienda_A,3685
6/5/2020,Pro,tienda_A,22065
3/29/2021,Pro,tienda_A,27216
7/6/2020,Pro,tienda_A,28702
9/25/2020,Pro,tienda_A,24095
3/16/2020,Pro,tienda_A,22894
4/11/2020,Pro,tienda_A,3205
2/4/2020,Pro,tienda_A,24269
4/10/2020,Pro,tienda_A,12661
7/17/2020,Pro,tienda_A,23770
9/19/2020,Pro,tienda_A,4549
6/10/2021,Pro,tienda_A,27088
9/27/2020,Pro,tienda_A,5863
1/27/2021,Pro,tienda_A,27383
5/13/2021,Pro,tienda_A,21139
5/10/2020,Pro,tienda_A,4002
5/30/2020,Pro,tienda_A,3889
4/26/2021,Pro,tienda_A,26735
6/11/2020,Pro,tienda_A,25123
3/4/2021,Pro,tienda_A,26479
11/29/2020,Pro,tienda_A,4162
9/18/2020,Pro,tienda_A,24731
2/12/2020,Pro,tienda_A,25022
5/5/2021,Pro,tienda_A,21187
1/8/2021,Pro,tienda_A,23792
2/23/2020,Pro,tienda_A,3742
4/20/2020,Pro,tienda_A,21396
2/19/2020,Pro,tienda_A,24351
3/17/2020,Pro,tienda_A,22333
3/12/2020,Pro,tienda_A,23457
2/14/2020,Pro,tienda_A,20704
5/26/2021,Pro,tienda_A,24924
1/29/2021,Pro,tienda_A,24055
12/15/2020,Pro,tienda_A,28948
2/26/2020,Pro,tienda_A,24021
8/12/2020,Pro,tienda_A,25431
8/7/2020,Pro,tienda_A,23223
6/1/2020,Pro,tienda_A,23879
4/6/2020,Pro,tienda_A,16507
7/16/2020,Pro,tienda_A,27642
2/8/2021,Pro,tienda_A,27298
4/21/2021,Pro,tienda_A,26184
4/22/2020,Pro,tienda_A,20557
7/5/2020,Pro,tienda_A,4012
5/25/2020,Pro,tienda_A,18485
3/31/2021,Pro,tienda_A,25057
8/14/2020,Pro,tienda_A,21360
12/13/2020,Pro,tienda_A,4448
4/5/2020,Pro,tienda_A,3561
11/25/2020,Pro,tienda_A,25979
4/24/2021,Pro,tienda_A,3872
6/9/2020,Pro,tienda_A,27415
7/7/2020,Pro,tienda_A,28589
6/8/2021,Pro,tienda_A,28300
2/24/2020,Pro,tienda_A,23744
2/7/2020,Pro,tienda_A,19303
4/7/2021,Pro,tienda_A,27387
3/10/2021,Pro,tienda_A,28093
2/5/2021,Pro,tienda_A,22839
2/17/2020,Pro,tienda_A,25497
5/17/2020,Pro,tienda_A,3820
9/13/2020,Pro,tienda_A,4487
5/29/2021,Pro,tienda_A,3941
4/3/2021,Pro,tienda_A,3456
12/23/2020,Pro,tienda_A,21684
4/13/2020,Pro,tienda_A,16818
8/11/2020,Pro,tienda_A,27579
11/22/2020,Pro,tienda_A,4453
4/28/2021,Pro,tienda_A,25420
3/30/2020,Pro,tienda_A,20026
8/20/2020,Pro,tienda_A,25694
1/2/2021,Pro,tienda_A,3031
1/5/2021,Pro,tienda_A,28041
4/28/2020,Pro,tienda_A,20291
8/29/2020,Pro,tienda_A,4521
4/10/2021,Pro,tienda_A,3861
6/11/2021,Pro,tienda_A,23560
5/9/2021,Pro,tienda_A,3530
12/14/2020,Pro,tienda_A,29334
11/28/2020,Pro,tienda_A,3768
12/17/2020,Pro,tienda_A,26075
11/16/2020,Pro,tienda_A,27937
3/26/2021,Pro,tienda_A,23456
6/7/2020,Pro,tienda_A,3003
11/7/2020,Pro,tienda_A,4022
3/22/2020,Pro,tienda_A,3587
4/19/2020,Pro,tienda_A,4149
6/19/2021,Pro,tienda_A,4243
11/19/2020,Pro,tienda_A,27352
2/4/2021,Pro,tienda_A,26640
4/9/2020,Pro,tienda_A,16428
4/6/2021,Pro,tienda_A,26752
3/24/2020,Pro,tienda_A,19009
4/20/2021,Pro,tienda_A,27775
6/17/2021,Pro,tienda_A,26407
12/24/2020,Pro,tienda_A,15035
4/11/2021,Pro,tienda_A,3974
11/9/2020,Pro,tienda_A,30385
6/6/2020,Pro,tienda_A,4410
4/27/2021,Pro,tienda_A,26191
4/17/2020,Pro,tienda_A,16693
6/29/2020,Pro,tienda_A,29355
9/10/2020,Pro,tienda_A,29230
4/5/2021,Pro,tienda_A,18338
6/24/2020,Pro,tienda_A,26777
6/16/2021,Pro,tienda_A,27756
12/26/2020,Pro,tienda_A,3543
1/26/2021,Pro,tienda_A,25942
9/22/2020,Pro,tienda_A,27926
4/1/2020,Pro,tienda_A,18467
1/17/2021,Pro,tienda_A,4325
8/27/2020,Pro,tienda_A,26402
5/7/2020,Pro,tienda_A,21533
7/13/2020,Pro,tienda_A,28996
5/11/2020,Pro,tienda_A,24525
5/20/2020,Pro,tienda_A,24414
11/14/2020,Pro,tienda_A,3632
7/25/2020,Pro,tienda_A,4160
5/5/2020,Pro,tienda_A,18293
4/21/2020,Pro,tienda_A,19871
5/4/2021,Pro,tienda_A,20350
4/26/2020,Pro,tienda_A,6110
12/29/2020,Pro,tienda_A,19567
2/5/2020,Pro,tienda_A,21917
3/20/2021,Pro,tienda_A,4062
12/10/2020,Pro,tienda_A,26077
2/11/2021,Pro,tienda_A,20473
9/3/2020,Pro,tienda_A,27890
5/8/2021,Pro,tienda_A,6337
2/19/2021,Pro,tienda_A,22958
8/23/2020,Pro,tienda_A,3879
11/15/2020,Pro,tienda_A,4380
3/18/2021,Pro,tienda_A,27384
5/14/2020,Pro,tienda_A,22597
3/12/2021,Pro,tienda_A,24419
7/9/2020,Pro,tienda_A,27103
2/20/2020,Pro,tienda_A,23185
8/9/2020,Pro,tienda_A,3997
3/11/2020,Basic,tienda_A,64122
2/18/2020,Basic,tienda_A,64967
8/15/2020,Basic,tienda_A,17833
4/26/2020,Basic,tienda_A,16879
9/17/2020,Basic,tienda_A,70114
8/3/2020,Basic,tienda_A,76035
4/13/2021,Basic,tienda_A,63695
3/9/2021,Basic,tienda_A,71940
2/25/2020,Basic,tienda_A,58374
12/18/2020,Basic,tienda_A,63254
1/18/2021,Basic,tienda_A,81779
4/9/2020,Basic,tienda_A,48316
1/4/2021,Basic,tienda_A,83317
5/19/2021,Basic,tienda_A,60777
7/21/2020,Basic,tienda_A,76484
4/17/2020,Basic,tienda_A,51055
8/24/2020,Basic,tienda_A,80083
12/30/2020,Basic,tienda_A,57346
6/28/2020,Basic,tienda_A,20703
12/7/2020,Basic,tienda_A,78603
8/12/2020,Basic,tienda_A,74444
4/5/2021,Basic,tienda_A,57611
5/20/2021,Basic,tienda_A,60083
3/24/2020,Basic,tienda_A,47979
5/27/2020,Basic,tienda_A,64475
2/8/2020,Basic,tienda_A,16096
12/28/2020,Basic,tienda_A,73444
5/17/2021,Basic,tienda_A,70485
6/14/2020,Basic,tienda_A,13114
5/13/2020,Basic,tienda_A,60892
5/22/2020,Basic,tienda_A,58158
2/9/2020,Basic,tienda_A,11238
6/9/2020,Basic,tienda_A,74218
6/4/2020,Basic,tienda_A,65945
2/17/2020,Basic,tienda_A,67674
4/14/2021,Basic,tienda_A,62071
9/19/2020,Basic,tienda_A,19293
9/5/2020,Basic,tienda_A,22447
5/15/2021,Basic,tienda_A,15801
4/10/2020,Basic,tienda_A,34956
9/27/2020,Basic,tienda_A,15324
6/10/2021,Basic,tienda_A,62107
3/17/2021,Basic,tienda_A,70015
5/2/2020,Basic,tienda_A,14026
2/11/2020,Basic,tienda_A,61837
4/10/2021,Basic,tienda_A,16341
6/6/2020,Basic,tienda_A,18433
3/30/2021,Basic,tienda_A,67549
6/5/2021,Basic,tienda_A,14399
2/15/2020,Basic,tienda_A,17838
2/3/2020,Basic,tienda_A,62540
11/28/2020,Basic,tienda_A,17611
9/8/2020,Basic,tienda_A,80712
12/29/2020,Basic,tienda_A,64648
11/17/2020,Basic,tienda_A,68632
12/1/2020,Basic,tienda_A,71341
4/21/2020,Basic,tienda_A,49528
3/7/2020,Basic,tienda_A,16362
5/8/2020,Basic,tienda_A,53113
6/22/2020,Basic,tienda_A,79105
7/28/2020,Basic,tienda_A,75825
6/5/2020,Basic,tienda_A,65052
1/24/2021,Basic,tienda_A,10586
7/15/2020,Basic,tienda_A,74051
11/9/2020,Basic,tienda_A,76278
12/22/2020,Basic,tienda_A,68118
6/8/2021,Basic,tienda_A,64945
9/29/2020,Basic,tienda_A,73928
6/3/2020,Basic,tienda_A,68466
6/14/2021,Basic,tienda_A,61205
9/24/2020,Basic,tienda_A,71775
4/1/2021,Basic,tienda_A,57898
8/10/2020,Basic,tienda_A,78881
2/16/2021,Basic,tienda_A,54637
5/17/2020,Basic,tienda_A,11942
2/5/2021,Basic,tienda_A,64526
5/6/2021,Basic,tienda_A,60805
4/2/2020,Basic,tienda_A,46772
4/7/2021,Basic,tienda_A,66408
3/12/2020,Basic,tienda_A,61669
9/13/2020,Basic,tienda_A,10896
5/12/2020,Basic,tienda_A,62028
11/25/2020,Basic,tienda_A,65381
4/23/2020,Basic,tienda_A,53858
5/23/2021,Basic,tienda_A,9275
2/7/2020,Basic,tienda_A,51013
2/24/2020,Basic,tienda_A,65176
6/2/2021,Basic,tienda_A,55260
7/12/2020,Basic,tienda_A,11304
4/25/2021,Basic,tienda_A,14484
1/3/2021,Basic,tienda_A,9335
12/12/2020,Basic,tienda_A,18653
3/4/2020,Basic,tienda_A,65506
11/11/2020,Basic,tienda_A,62521
3/9/2020,Basic,tienda_A,69418
6/23/2020,Basic,tienda_A,77229
7/16/2020,Basic,tienda_A,71527
11/10/2020,Basic,tienda_A,71715
2/8/2021,Basic,tienda_A,77387
4/6/2020,Basic,tienda_A,44714
7/5/2020,Basic,tienda_A,10771
2/22/2020,Basic,tienda_A,17407
7/11/2020,Basic,tienda_A,21569
6/13/2021,Basic,tienda_A,8516
5/21/2021,Basic,tienda_A,50477
9/22/2020,Basic,tienda_A,72334
3/21/2021,Basic,tienda_A,9952
4/2/2021,Basic,tienda_A,41677
4/25/2020,Basic,tienda_A,13360
7/1/2020,Basic,tienda_A,72780
4/18/2021,Basic,tienda_A,9485
11/30/2020,Basic,tienda_A,79862
9/28/2020,Basic,tienda_A,75406
6/20/2021,Basic,tienda_A,7730
2/15/2021,Basic,tienda_A,66719
6/9/2021,Basic,tienda_A,65340
3/27/2021,Basic,tienda_A,17427
5/1/2020,Basic,tienda_A,27132
1/12/2021,Basic,tienda_A,73987
1/26/2021,Basic,tienda_A,57652
2/6/2020,Basic,tienda_A,53141
4/1/2020,Basic,tienda_A,50242
1/9/2021,Basic,tienda_A,18672
6/21/2020,Basic,tienda_A,11089
8/13/2020,Basic,tienda_A,71623
9/23/2020,Basic,tienda_A,69477
6/29/2020,Basic,tienda_A,84766
5/20/2020,Basic,tienda_A,64035
7/31/2020,Basic,tienda_A,63089
5/8/2021,Basic,tienda_A,20196
9/9/2020,Basic,tienda_A,77568
3/2/2021,Basic,tienda_A,74901
3/14/2020,Basic,tienda_A,18211
12/3/2020,Basic,tienda_A,67501
9/4/2020,Basic,tienda_A,70981
8/19/2020,Basic,tienda_A,72016
2/19/2021,Basic,tienda_A,62412
12/9/2020,Basic,tienda_A,69554
5/18/2020,Basic,tienda_A,74372
5/3/2021,Basic,tienda_A,55708
8/2/2020,Basic,tienda_A,11688
1/19/2021,Basic,tienda_A,75239
1/25/2021,Basic,tienda_A,76629
3/1/2020,Basic,tienda_A,11875
11/8/2020,Basic,tienda_A,8184
6/25/2021,Basic,tienda_A,4
2/10/2021,Basic,tienda_A,65586
5/19/2020,Basic,tienda_A,64151
5/18/2021,Basic,tienda_A,62437
3/10/2020,Basic,tienda_A,59001
2/9/2021,Basic,tienda_A,67272
6/30/2020,Basic,tienda_A,74895
2/16/2020,Basic,tienda_A,12076
4/27/2020,Basic,tienda_A,59371
2/14/2021,Basic,tienda_A,8704
8/31/2020,Basic,tienda_A,80089
9/14/2020,Basic,tienda_A,79689
5/24/2020,Basic,tienda_A,10851
1/22/2021,Basic,tienda_A,66376
3/18/2020,Basic,tienda_A,59226
5/26/2020,Basic,tienda_A,68426
3/31/2020,Basic,tienda_A,50817
3/19/2021,Basic,tienda_A,63723
2/2/2021,Basic,tienda_A,74042
4/16/2021,Basic,tienda_A,60808
3/19/2020,Basic,tienda_A,59075
3/14/2021,Basic,tienda_A,10458
7/9/2020,Basic,tienda_A,73064
6/6/2021,Basic,tienda_A,8271
12/20/2020,Basic,tienda_A,9845
8/27/2020,Basic,tienda_A,71209
5/11/2020,Basic,tienda_A,69493
1/31/2021,Basic,tienda_A,10772
5/10/2021,Basic,tienda_A,68653
1/5/2021,Basic,tienda_A,73651
9/15/2020,Basic,tienda_A,76264
9/20/2020,Basic,tienda_A,10183
3/26/2020,Basic,tienda_A,46416
12/14/2020,Basic,tienda_A,82855
5/21/2020,Basic,tienda_A,57914
3/30/2020,Basic,tienda_A,55631
6/4/2021,Basic,tienda_A,51058
5/30/2021,Basic,tienda_A,7780
4/12/2020,Basic,tienda_A,8477
8/20/2020,Basic,tienda_A,68359
5/23/2020,Basic,tienda_A,16569
3/28/2020,Basic,tienda_A,12735
11/7/2020,Basic,tienda_A,17108
5/28/2020,Basic,tienda_A,62973
2/23/2020,Basic,tienda_A,12346
4/15/2020,Basic,tienda_A,52085
2/12/2020,Basic,tienda_A,60491
6/26/2020,Basic,tienda_A,60937
4/13/2020,Basic,tienda_A,50726
12/26/2020,Basic,tienda_A,18360
7/17/2020,Basic,tienda_A,68868
2/4/2021,Basic,tienda_A,68312
7/13/2020,Basic,tienda_A,83854
4/4/2021,Basic,tienda_A,7354
6/12/2020,Basic,tienda_A,66072
3/8/2021,Basic,tienda_A,78975
6/7/2020,Basic,tienda_A,12586
3/3/2020,Basic,tienda_A,67600
4/11/2020,Basic,tienda_A,12422
4/28/2020,Basic,tienda_A,54111
5/9/2021,Basic,tienda_A,8270
2/26/2020,Basic,tienda_A,62238
8/17/2020,Basic,tienda_A,83177
8/30/2020,Basic,tienda_A,11366
6/24/2020,Basic,tienda_A,72111
4/22/2020,Basic,tienda_A,55623
4/6/2021,Basic,tienda_A,69449
5/7/2021,Basic,tienda_A,56903
2/13/2020,Basic,tienda_A,58406
4/11/2021,Basic,tienda_A,9257
4/15/2021,Basic,tienda_A,63345
8/28/2020,Basic,tienda_A,65336
3/7/2021,Basic,tienda_A,9772
3/21/2020,Basic,tienda_A,14989
1/1/2021,Basic,tienda_A,17721
4/29/2020,Basic,tienda_A,52592
9/30/2020,Basic,tienda_A,74581
7/19/2020,Basic,tienda_A,12048
7/2/2020,Basic,tienda_A,70492
3/15/2021,Basic,tienda_A,80708
7/20/2020,Basic,tienda_A,84017
5/31/2020,Basic,tienda_A,11586
3/2/2020,Basic,tienda_A,72154
4/30/2020,Basic,tienda_A,49356
3/24/2021,Basic,tienda_A,69017
5/12/2021,Basic,tienda_A,59408
5/4/2020,Basic,tienda_A,54470
5/4/2021,Basic,tienda_A,54164
10/31/2020,Basic,tienda_A,16675
1/11/2021,Basic,tienda_A,83280
11/27/2020,Basic,tienda_A,59668
7/24/2020,Basic,tienda_A,66211
11/24/2020,Basic,tienda_A,71206
7/7/2020,Basic,tienda_A,78971
12/11/2020,Basic,tienda_A,64541
12/5/2020,Basic,tienda_A,19505
3/6/2020,Basic,tienda_A,60168
4/19/2021,Basic,tienda_A,72424
2/17/2021,Basic,tienda_A,59843
8/26/2020,Basic,tienda_A,72150
2/21/2021,Basic,tienda_A,9917
6/15/2020,Basic,tienda_A,75990
11/1/2020,Basic,tienda_A,7807
4/24/2020,Basic,tienda_A,50712
4/18/2020,Basic,tienda_A,13937
2/23/2021,Basic,tienda_A,70803
7/3/2020,Basic,tienda_A,63037
2/25/2021,Basic,tienda_A,65482
9/25/2020,Basic,tienda_A,68030
6/20/2020,Basic,tienda_A,18350
6/19/2021,Basic,tienda_A,17349
1/2/2021,Basic,tienda_A,16609
11/13/2020,Basic,tienda_A,58822
5/6/2020,Basic,tienda_A,59212
4/19/2020,Basic,tienda_A,10454
3/13/2020,Basic,tienda_A,56795
5/24/2021,Basic,tienda_A,58836
3/4/2021,Basic,tienda_A,67306
3/5/2020,Basic,tienda_A,63250
12/13/2020,Basic,tienda_A,10481
7/26/2020,Basic,tienda_A,11847
11/20/2020,Basic,tienda_A,62201
6/22/2021,Basic,tienda_A,69498
5/25/2021,Basic,tienda_A,63185
12/27/2020,Basic,tienda_A,9457
6/3/2021,Basic,tienda_A,50071
6/10/2020,Basic,tienda_A,70670
8/21/2020,Basic,tienda_A,69793
11/3/2020,Basic,tienda_A,71926
1/23/2021,Basic,tienda_A,19994
8/14/2020,Basic,tienda_A,68626
5/7/2020,Basic,tienda_A,56653
8/18/2020,Basic,tienda_A,77158
9/21/2020,Basic,tienda_A,79263
1/16/2021,Basic,tienda_A,19810
12/2/2020,Basic,tienda_A,69492
9/10/2020,Basic,tienda_A,76214
1/21/2021,Basic,tienda_A,70923
3/8/2020,Basic,tienda_A,11568
5/2/2021,Basic,tienda_A,8338
3/23/2021,Basic,tienda_A,71030
7/14/2020,Basic,tienda_A,75924
1/15/2021,Basic,tienda_A,67622
6/19/2020,Basic,tienda_A,67663
5/29/2020,Basic,tienda_A,59052
3/20/2020,Basic,tienda_A,53701
1/6/2021,Basic,tienda_A,68408
6/13/2020,Basic,tienda_A,18424
6/21/2021,Basic,tienda_A,73366
11/23/2020,Basic,tienda_A,74574
2/27/2020,Basic,tienda_A,58487
11/22/2020,Basic,tienda_A,8592
8/11/2020,Basic,tienda_A,77144
11/18/2020,Basic,tienda_A,68603
8/4/2020,Basic,tienda_A,77552
3/5/2021,Basic,tienda_A,62552
4/8/2020,Basic,tienda_A,51179
3/23/2020,Basic,tienda_A,53516
1/14/2021,Basic,tienda_A,65648
3/11/2021,Basic,tienda_A,66812
2/28/2021,Basic,tienda_A,10116
6/7/2021,Basic,tienda_A,71373
12/16/2020,Basic,tienda_A,70692
4/12/2021,Basic,tienda_A,74730
6/1/2021,Basic,tienda_A,56369
6/15/2021,Basic,tienda_A,68521
6/2/2020,Basic,tienda_A,68386
3/25/2021,Basic,tienda_A,68929
5/14/2020,Basic,tienda_A,58633
6/16/2021,Basic,tienda_A,66205
4/20/2021,Basic,tienda_A,64619
9/11/2020,Basic,tienda_A,72777
8/29/2020,Basic,tienda_A,21340
3/12/2021,Basic,tienda_A,66263
1/17/2021,Basic,tienda_A,10857
12/31/2020,Basic,tienda_A,44613
12/17/2020,Basic,tienda_A,69464
4/8/2021,Basic,tienda_A,63845
4/14/2020,Basic,tienda_A,54064
2/27/2021,Basic,tienda_A,17990
2/4/2020,Basic,tienda_A,57805
11/21/2020,Basic,tienda_A,16833
11/5/2020,Basic,tienda_A,66569
11/16/2020,Basic,tienda_A,70039
3/13/2021,Basic,tienda_A,18941
5/15/2020,Basic,tienda_A,54096
7/27/2020,Basic,tienda_A,85637
11/26/2020,Basic,tienda_A,52497
6/1/2020,Basic,tienda_A,69390
1/28/2021,Basic,tienda_A,70556
5/31/2021,Basic,tienda_A,49459
5/3/2020,Basic,tienda_A,10270
9/1/2020,Basic,tienda_A,78342
3/16/2021,Basic,tienda_A,75871
7/29/2020,Basic,tienda_A,70087
12/23/2020,Basic,tienda_A,61928
7/23/2020,Basic,tienda_A,70616
5/29/2021,Basic,tienda_A,15534
6/8/2020,Basic,tienda_A,74377
2/26/2021,Basic,tienda_A,59443
1/30/2021,Basic,tienda_A,19537
4/3/2021,Basic,tienda_A,16292
4/17/2021,Basic,tienda_A,17429
7/8/2020,Basic,tienda_A,74111
2/20/2020,Basic,tienda_A,60216
11/29/2020,Basic,tienda_A,9646
3/26/2021,Basic,tienda_A,61244
2/2/2020,Basic,tienda_A,10590
4/7/2020,Basic,tienda_A,51520
8/25/2020,Basic,tienda_A,75090
4/28/2021,Basic,tienda_A,60630
2/3/2021,Basic,tienda_A,71940
11/14/2020,Basic,tienda_A,13639
3/16/2020,Basic,tienda_A,66049
6/18/2020,Basic,tienda_A,68677
6/11/2021,Basic,tienda_A,59948
11/15/2020,Basic,tienda_A,9091
3/15/2020,Basic,tienda_A,12642
3/29/2021,Basic,tienda_A,67285
5/5/2020,Basic,tienda_A,46839
9/2/2020,Basic,tienda_A,76932
8/9/2020,Basic,tienda_A,11111
1/20/2021,Basic,tienda_A,72407
7/6/2020,Basic,tienda_A,80922
4/24/2021,Basic,tienda_A,15680
3/10/2021,Basic,tienda_A,71252
12/6/2020,Basic,tienda_A,9807
3/17/2020,Basic,tienda_A,60895
9/18/2020,Basic,tienda_A,71906
7/18/2020,Basic,tienda_A,21059
5/5/2021,Basic,tienda_A,52232
3/22/2021,Basic,tienda_A,78344
1/8/2021,Basic,tienda_A,67754
5/27/2021,Basic,tienda_A,59875
11/12/2020,Basic,tienda_A,63810
4/20/2020,Basic,tienda_A,62632
11/19/2020,Basic,tienda_A,65571
5/11/2021,Basic,tienda_A,62147
8/8/2020,Basic,tienda_A,21930
8/22/2020,Basic,tienda_A,19596
5/25/2020,Basic,tienda_A,56935
11/6/2020,Basic,tienda_A,61848
3/3/2021,Basic,tienda_A,69398
8/5/2020,Basic,tienda_A,73333
12/8/2020,Basic,tienda_A,69288
12/19/2020,Basic,tienda_A,18961
5/14/2021,Basic,tienda_A,53171
4/27/2021,Basic,tienda_A,61575
2/13/2021,Basic,tienda_A,16795
7/10/2020,Basic,tienda_A,69242
4/21/2021,Basic,tienda_A,55936
6/17/2020,Basic,tienda_A,69047
8/1/2020,Basic,tienda_A,19405
12/25/2020,Basic,tienda_A,23774
12/15/2020,Basic,tienda_A,73593
5/26/2021,Basic,tienda_A,61158
2/14/2020,Basic,tienda_A,55929
1/29/2021,Basic,tienda_A,65976
5/22/2021,Basic,tienda_A,13415
2/22/2021,Basic,tienda_A,82419
9/12/2020,Basic,tienda_A,20596
5/16/2021,Basic,tienda_A,9031
3/22/2020,Basic,tienda_A,8813
1/7/2021,Basic,tienda_A,70434
5/30/2020,Basic,tienda_A,17237
6/16/2020,Basic,tienda_A,71805
12/21/2020,Basic,tienda_A,78890
5/16/2020,Basic,tienda_A,16899
4/22/2021,Basic,tienda_A,60466
3/27/2020,Basic,tienda_A,44820
7/22/2020,Basic,tienda_A,74069
2/18/2021,Basic,tienda_A,64731
11/2/2020,Basic,tienda_A,70164
5/28/2021,Basic,tienda_A,55634
9/26/2020,Basic,tienda_A,20023
1/27/2021,Basic,tienda_A,73935
6/23/2021,Basic,tienda_A,67763
1/10/2021,Basic,tienda_A,10363
2/10/2020,Basic,tienda_A,63017
2/6/2021,Basic,tienda_A,18360
2/12/2021,Basic,tienda_A,55207
6/12/2021,Basic,tienda_A,16502
12/24/2020,Basic,tienda_A,44697
3/28/2021,Basic,tienda_A,10060
4/3/2020,Basic,tienda_A,45537
4/30/2021,Basic,tienda_A,53862
2/29/2020,Basic,tienda_A,17887
9/6/2020,Basic,tienda_A,11085
7/30/2020,Basic,tienda_A,66554
2/19/2020,Basic,tienda_A,62969
4/23/2021,Basic,tienda_A,56775
2/28/2020,Basic,tienda_A,57585
4/4/2020,Basic,tienda_A,12840
4/9/2021,Basic,tienda_A,61164
12/4/2020,Basic,tienda_A,64324
3/31/2021,Basic,tienda_A,63618
6/24/2021,Basic,tienda_A,48453
5/1/2021,Basic,tienda_A,11860
1/13/2021,Basic,tienda_A,73650
8/7/2020,Basic,tienda_A,69867
2/24/2021,Basic,tienda_A,67290
8/6/2020,Basic,tienda_A,71812
5/13/2021,Basic,tienda_A,53852
2/21/2020,Basic,tienda_A,55219
2/1/2021,Basic,tienda_A,79426
3/20/2021,Basic,tienda_A,17931
8/16/2020,Basic,tienda_A,13471
2/5/2020,Basic,tienda_A,55646
4/16/2020,Basic,tienda_A,51775
4/29/2021,Basic,tienda_A,56589
2/7/2021,Basic,tienda_A,13109
9/16/2020,Basic,tienda_A,70246
3/1/2021,Basic,tienda_A,77947
9/7/2020,Basic,tienda_A,69736
6/27/2020,Basic,tienda_A,18762
4/26/2021,Basic,tienda_A,66473
6/25/2020,Basic,tienda_A,63398
6/11/2020,Basic,tienda_A,63906
4/5/2020,Basic,tienda_A,10071
7/4/2020,Basic,tienda_A,17529
3/25/2020,Basic,tienda_A,47555
5/9/2020,Basic,tienda_A,21804
11/4/2020,Basic,tienda_A,68120
3/18/2021,Basic,tienda_A,68108
8/23/2020,Basic,tienda_A,13457
5/10/2020,Basic,tienda_A,10191
6/18/2021,Basic,tienda_A,59254
2/20/2021,Basic,tienda_A,22719
7/25/2020,Basic,tienda_A,19987
3/6/2021,Basic,tienda_A,18391
2/11/2021,Basic,tienda_A,57217
3/29/2020,Basic,tienda_A,9958
12/10/2020,Basic,tienda_A,66557
9/3/2020,Basic,tienda_A,76981
6/17/2021,Basic,tienda_A,63531
2/27/2020,Premium,tienda_A,8159
8/2/2020,Premium,tienda_A,4398
4/22/2021,Premium,tienda_A,7768
3/20/2020,Premium,tienda_A,9074
1/16/2021,Premium,tienda_A,5502
6/13/2021,Premium,tienda_A,3980
9/21/2020,Premium,tienda_A,8773
6/22/2021,Premium,tienda_A,7904
3/7/2021,Premium,tienda_A,4553
4/7/2021,Premium,tienda_A,7737
12/2/2020,Premium,tienda_A,9080
7/7/2020,Premium,tienda_A,8945
6/19/2020,Premium,tienda_A,8746
11/10/2020,Premium,tienda_A,8084
8/4/2020,Premium,tienda_A,9177
3/13/2020,Premium,tienda_A,8098
9/22/2020,Premium,tienda_A,8588
12/12/2020,Premium,tienda_A,5445
6/15/2020,Premium,tienda_A,10039
3/11/2021,Premium,tienda_A,8255
8/11/2020,Premium,tienda_A,8940
2/16/2021,Premium,tienda_A,7041
2/12/2021,Premium,tienda_A,7026
5/6/2021,Premium,tienda_A,7619
3/23/2020,Premium,tienda_A,9302
5/2/2021,Premium,tienda_A,3656
8/29/2020,Premium,tienda_A,5776
4/15/2021,Premium,tienda_A,7975
11/21/2020,Premium,tienda_A,5375
6/25/2021,Premium,tienda_A,39
2/6/2021,Premium,tienda_A,5472
4/28/2021,Premium,tienda_A,7702
7/1/2020,Premium,tienda_A,8874
8/24/2020,Premium,tienda_A,9516
12/26/2020,Premium,tienda_A,5189
1/15/2021,Premium,tienda_A,8602
8/13/2020,Premium,tienda_A,8628
11/5/2020,Premium,tienda_A,7592
1/17/2021,Premium,tienda_A,4948
2/21/2020,Premium,tienda_A,8268
4/16/2021,Premium,tienda_A,7573
2/11/2020,Premium,tienda_A,8032
12/31/2020,Premium,tienda_A,6247
6/24/2021,Premium,tienda_A,5472
4/8/2020,Premium,tienda_A,8966
4/4/2020,Premium,tienda_A,5115
4/30/2021,Premium,tienda_A,7120
5/15/2020,Premium,tienda_A,8796
12/21/2020,Premium,tienda_A,8863
7/30/2020,Premium,tienda_A,8180
8/17/2020,Premium,tienda_A,9613
2/15/2020,Premium,tienda_A,6115
2/17/2021,Premium,tienda_A,7015
5/29/2020,Premium,tienda_A,7696
4/13/2021,Premium,tienda_A,8018
4/20/2021,Premium,tienda_A,7859
7/31/2020,Premium,tienda_A,7878
7/20/2020,Premium,tienda_A,9779
6/7/2021,Premium,tienda_A,8569
3/19/2020,Premium,tienda_A,8281
3/27/2021,Premium,tienda_A,4975
4/7/2020,Premium,tienda_A,9000
9/2/2020,Premium,tienda_A,8856
6/21/2021,Premium,tienda_A,8436
4/2/2020,Premium,tienda_A,8652
6/22/2020,Premium,tienda_A,9737
11/26/2020,Premium,tienda_A,5397
3/5/2021,Premium,tienda_A,7843
1/23/2021,Premium,tienda_A,5900
4/19/2020,Premium,tienda_A,5147
5/17/2020,Premium,tienda_A,4778
2/5/2020,Premium,tienda_A,7424
5/21/2020,Premium,tienda_A,8509
3/9/2020,Premium,tienda_A,9084
8/14/2020,Premium,tienda_A,8572
3/20/2021,Premium,tienda_A,5467
3/9/2021,Premium,tienda_A,8200
3/27/2020,Premium,tienda_A,8515
2/9/2021,Premium,tienda_A,8367
1/18/2021,Premium,tienda_A,9541
5/16/2020,Premium,tienda_A,5897
4/21/2021,Premium,tienda_A,8287
2/23/2020,Premium,tienda_A,5236
4/22/2020,Premium,tienda_A,8936
2/6/2020,Premium,tienda_A,6531
8/12/2020,Premium,tienda_A,8875
2/29/2020,Premium,tienda_A,6026
5/14/2021,Premium,tienda_A,7424
2/28/2020,Premium,tienda_A,7842
5/1/2020,Premium,tienda_A,7409
4/17/2021,Premium,tienda_A,5164
5/3/2021,Premium,tienda_A,6676
3/16/2020,Premium,tienda_A,9270
3/5/2020,Premium,tienda_A,8228
11/1/2020,Premium,tienda_A,4276
6/24/2020,Premium,tienda_A,8886
5/27/2021,Premium,tienda_A,7460
8/8/2020,Premium,tienda_A,5786
5/23/2021,Premium,tienda_A,4192
4/26/2020,Premium,tienda_A,5376
1/31/2021,Premium,tienda_A,4642
2/19/2020,Premium,tienda_A,8851
5/1/2021,Premium,tienda_A,4402
4/15/2020,Premium,tienda_A,8984
5/28/2021,Premium,tienda_A,7138
7/18/2020,Premium,tienda_A,5429
6/4/2021,Premium,tienda_A,7251
11/12/2020,Premium,tienda_A,8031
9/20/2020,Premium,tienda_A,4407
2/7/2021,Premium,tienda_A,4794
1/10/2021,Premium,tienda_A,4502
3/1/2021,Premium,tienda_A,9028
9/15/2020,Premium,tienda_A,8569
5/11/2021,Premium,tienda_A,7741
2/24/2021,Premium,tienda_A,7971
1/27/2021,Premium,tienda_A,8856
3/24/2021,Premium,tienda_A,8233
2/27/2021,Premium,tienda_A,5210
11/20/2020,Premium,tienda_A,8325
1/4/2021,Premium,tienda_A,9969
5/13/2021,Premium,tienda_A,7465
9/17/2020,Premium,tienda_A,8138
5/22/2021,Premium,tienda_A,4799
3/25/2021,Premium,tienda_A,7747
3/8/2020,Premium,tienda_A,5035
11/15/2020,Premium,tienda_A,4413
2/20/2020,Premium,tienda_A,8489
2/26/2021,Premium,tienda_A,7589
8/21/2020,Premium,tienda_A,8584
12/29/2020,Premium,tienda_A,8443
11/3/2020,Premium,tienda_A,8058
3/22/2021,Premium,tienda_A,8796
2/23/2021,Premium,tienda_A,8039
5/22/2020,Premium,tienda_A,8219
8/20/2020,Premium,tienda_A,9200
6/3/2021,Premium,tienda_A,7638
3/23/2021,Premium,tienda_A,8343
6/2/2021,Premium,tienda_A,7876
3/28/2020,Premium,tienda_A,6004
12/14/2020,Premium,tienda_A,10124
3/3/2021,Premium,tienda_A,8492
3/8/2021,Premium,tienda_A,8833
5/20/2021,Premium,tienda_A,7548
4/27/2021,Premium,tienda_A,7461
7/27/2020,Premium,tienda_A,9539
11/23/2020,Premium,tienda_A,9806
4/4/2021,Premium,tienda_A,3441
5/14/2020,Premium,tienda_A,8931
5/19/2021,Premium,tienda_A,7577
12/8/2020,Premium,tienda_A,8688
1/30/2021,Premium,tienda_A,5558
5/23/2020,Premium,tienda_A,5406
6/19/2021,Premium,tienda_A,4918
7/17/2020,Premium,tienda_A,8813
3/12/2021,Premium,tienda_A,8236
6/2/2020,Premium,tienda_A,8796
4/8/2021,Premium,tienda_A,7514
11/29/2020,Premium,tienda_A,4426
2/22/2021,Premium,tienda_A,8817
7/21/2020,Premium,tienda_A,9156
4/18/2020,Premium,tienda_A,5558
11/6/2020,Premium,tienda_A,7211
8/5/2020,Premium,tienda_A,8777
8/22/2020,Premium,tienda_A,5763
5/30/2020,Premium,tienda_A,5025
12/18/2020,Premium,tienda_A,8404
9/14/2020,Premium,tienda_A,9252
9/23/2020,Premium,tienda_A,8332
9/30/2020,Premium,tienda_A,8094
2/9/2020,Premium,tienda_A,4617
9/28/2020,Premium,tienda_A,9028
2/10/2021,Premium,tienda_A,7771
7/6/2020,Premium,tienda_A,9815
12/5/2020,Premium,tienda_A,5144
3/6/2020,Premium,tienda_A,8416
7/26/2020,Premium,tienda_A,4457
7/19/2020,Premium,tienda_A,4751
2/16/2020,Premium,tienda_A,5411
4/12/2020,Premium,tienda_A,4380
11/11/2020,Premium,tienda_A,7820
5/5/2020,Premium,tienda_A,7604
11/27/2020,Premium,tienda_A,7622
12/15/2020,Premium,tienda_A,9327
3/15/2021,Premium,tienda_A,8966
1/11/2021,Premium,tienda_A,9381
6/25/2020,Premium,tienda_A,8329
1/21/2021,Premium,tienda_A,8538
9/9/2020,Premium,tienda_A,8954
4/12/2021,Premium,tienda_A,8526
7/3/2020,Premium,tienda_A,7955
6/14/2021,Premium,tienda_A,7619
2/13/2021,Premium,tienda_A,4757
11/24/2020,Premium,tienda_A,8930
3/28/2021,Premium,tienda_A,4388
11/8/2020,Premium,tienda_A,4018
12/3/2020,Premium,tienda_A,9342
8/26/2020,Premium,tienda_A,8929
6/27/2020,Premium,tienda_A,5002
9/18/2020,Premium,tienda_A,8097
5/12/2021,Premium,tienda_A,7548
5/13/2020,Premium,tienda_A,8937
2/11/2021,Premium,tienda_A,7152
2/18/2020,Premium,tienda_A,9433
4/9/2021,Premium,tienda_A,7245
8/10/2020,Premium,tienda_A,9360
3/18/2020,Premium,tienda_A,8439
1/25/2021,Premium,tienda_A,9377
4/21/2020,Premium,tienda_A,9601
8/6/2020,Premium,tienda_A,8495
11/4/2020,Premium,tienda_A,7789
3/2/2020,Premium,tienda_A,9482
7/14/2020,Premium,tienda_A,9268
1/28/2021,Premium,tienda_A,8384
5/19/2020,Premium,tienda_A,8823
3/1/2020,Premium,tienda_A,5299
8/28/2020,Premium,tienda_A,8333
2/17/2020,Premium,tienda_A,9791
4/29/2020,Premium,tienda_A,8697
12/24/2020,Premium,tienda_A,6114
11/18/2020,Premium,tienda_A,8482
12/19/2020,Premium,tienda_A,5496
7/24/2020,Premium,tienda_A,8320
4/3/2020,Premium,tienda_A,7787
9/12/2020,Premium,tienda_A,5877
12/13/2020,Premium,tienda_A,4883
9/3/2020,Premium,tienda_A,9064
4/18/2021,Premium,tienda_A,4508
12/10/2020,Premium,tienda_A,8728
7/9/2020,Premium,tienda_A,8556
3/18/2021,Premium,tienda_A,8209
2/1/2021,Premium,tienda_A,9478
1/19/2021,Premium,tienda_A,8909
5/25/2021,Premium,tienda_A,7863
2/8/2020,Premium,tienda_A,5220
4/20/2020,Premium,tienda_A,9880
5/7/2021,Premium,tienda_A,7104
8/30/2020,Premium,tienda_A,4990
3/16/2021,Premium,tienda_A,8677
2/25/2021,Premium,tienda_A,8017
3/26/2020,Premium,tienda_A,8750
6/6/2021,Premium,tienda_A,4243
3/15/2020,Premium,tienda_A,5069
6/17/2021,Premium,tienda_A,7605
2/22/2020,Premium,tienda_A,6022
2/10/2020,Premium,tienda_A,8457
6/23/2020,Premium,tienda_A,9407
1/22/2021,Premium,tienda_A,8495
7/4/2020,Premium,tienda_A,4485
5/10/2021,Premium,tienda_A,8823
3/25/2020,Premium,tienda_A,9029
8/25/2020,Premium,tienda_A,9351
6/29/2020,Premium,tienda_A,9732
11/28/2020,Premium,tienda_A,5149
3/2/2021,Premium,tienda_A,8712
9/5/2020,Premium,tienda_A,5801
5/20/2020,Premium,tienda_A,8779
6/28/2020,Premium,tienda_A,5572
5/26/2020,Premium,tienda_A,8768
2/15/2021,Premium,tienda_A,8256
4/1/2021,Premium,tienda_A,7511
3/14/2020,Premium,tienda_A,6067
7/25/2020,Premium,tienda_A,5056
9/6/2020,Premium,tienda_A,4677
1/6/2021,Premium,tienda_A,8328
4/23/2020,Premium,tienda_A,8810
2/14/2021,Premium,tienda_A,4053
5/4/2020,Premium,tienda_A,8012
4/13/2020,Premium,tienda_A,9125
2/21/2021,Premium,tienda_A,4226
5/28/2020,Premium,tienda_A,8301
12/7/2020,Premium,tienda_A,9345
3/30/2021,Premium,tienda_A,8069
6/23/2021,Premium,tienda_A,7391
1/29/2021,Premium,tienda_A,8086
5/21/2021,Premium,tienda_A,7037
12/4/2020,Premium,tienda_A,8648
3/31/2021,Premium,tienda_A,8266
4/29/2021,Premium,tienda_A,7271
5/27/2020,Premium,tienda_A,8834
8/7/2020,Premium,tienda_A,8354
7/11/2020,Premium,tienda_A,5434
5/5/2021,Premium,tienda_A,6813
6/10/2021,Premium,tienda_A,7847
8/31/2020,Premium,tienda_A,8753
5/24/2020,Premium,tienda_A,4273
3/17/2021,Premium,tienda_A,8136
12/28/2020,Premium,tienda_A,9272
6/16/2020,Premium,tienda_A,9130
5/17/2021,Premium,tienda_A,8795
1/24/2021,Premium,tienda_A,4655
5/18/2021,Premium,tienda_A,7853
1/8/2021,Premium,tienda_A,8483
6/5/2021,Premium,tienda_A,4746
7/8/2020,Premium,tienda_A,8746
8/16/2020,Premium,tienda_A,5020
11/2/2020,Premium,tienda_A,9162
6/9/2021,Premium,tienda_A,8023
5/30/2021,Premium,tienda_A,3885
8/1/2020,Premium,tienda_A,5326
4/25/2020,Premium,tienda_A,5467
4/24/2020,Premium,tienda_A,8414
7/15/2020,Premium,tienda_A,9151
4/10/2021,Premium,tienda_A,4673
8/18/2020,Premium,tienda_A,9540
6/6/2020,Premium,tienda_A,5343
9/16/2020,Premium,tienda_A,8191
6/18/2020,Premium,tienda_A,9122
5/4/2021,Premium,tienda_A,6895
10/31/2020,Premium,tienda_A,4800
5/8/2021,Premium,tienda_A,5222
5/15/2021,Premium,tienda_A,5016
2/18/2021,Premium,tienda_A,7668
5/24/2021,Premium,tienda_A,8068
11/14/2020,Premium,tienda_A,4872
5/16/2021,Premium,tienda_A,4217
4/30/2020,Premium,tienda_A,8905
5/31/2020,Premium,tienda_A,4200
3/11/2020,Premium,tienda_A,8939
12/1/2020,Premium,tienda_A,9315
2/4/2020,Premium,tienda_A,7537
1/1/2021,Premium,tienda_A,3539
3/19/2021,Premium,tienda_A,8066
5/8/2020,Premium,tienda_A,8741
5/26/2021,Premium,tienda_A,7936
9/7/2020,Premium,tienda_A,7941
6/21/2020,Premium,tienda_A,4477
6/20/2020,Premium,tienda_A,5557
1/12/2021,Premium,tienda_A,9170
12/30/2020,Premium,tienda_A,7681
1/3/2021,Premium,tienda_A,4165
5/2/2020,Premium,tienda_A,5201
1/2/2021,Premium,tienda_A,4745
4/14/2020,Premium,tienda_A,9138
3/7/2020,Premium,tienda_A,5948
9/19/2020,Premium,tienda_A,4990
8/19/2020,Premium,tienda_A,9357
7/5/2020,Premium,tienda_A,4470
5/10/2020,Premium,tienda_A,4577
6/1/2020,Premium,tienda_A,9164
12/9/2020,Premium,tienda_A,8791
3/26/2021,Premium,tienda_A,7482
6/11/2021,Premium,tienda_A,7461
6/18/2021,Premium,tienda_A,7528
4/28/2020,Premium,tienda_A,9051
6/11/2020,Premium,tienda_A,9325
3/30/2020,Premium,tienda_A,9905
5/11/2020,Premium,tienda_A,10049
6/1/2021,Premium,tienda_A,8068
3/17/2020,Premium,tienda_A,8566
4/3/2021,Premium,tienda_A,4905
9/4/2020,Premium,tienda_A,8790
9/13/2020,Premium,tienda_A,4771
4/25/2021,Premium,tienda_A,4459
6/20/2021,Premium,tienda_A,3987
11/9/2020,Premium,tienda_A,8965
1/5/2021,Premium,tienda_A,8860
4/16/2020,Premium,tienda_A,9279
2/3/2020,Premium,tienda_A,7977
11/17/2020,Premium,tienda_A,8242
4/23/2021,Premium,tienda_A,7429
6/12/2021,Premium,tienda_A,4874
12/17/2020,Premium,tienda_A,8609
11/30/2020,Premium,tienda_A,10203
4/2/2021,Premium,tienda_A,6808
3/6/2021,Premium,tienda_A,5028
12/22/2020,Premium,tienda_A,8545
6/9/2020,Premium,tienda_A,9130
4/24/2021,Premium,tienda_A,4922
6/8/2021,Premium,tienda_A,8239
3/10/2021,Premium,tienda_A,8330
1/13/2021,Premium,tienda_A,8942
4/14/2021,Premium,tienda_A,7905
4/10/2020,Premium,tienda_A,8102
12/23/2020,Premium,tienda_A,7707
6/7/2020,Premium,tienda_A,4112
2/19/2021,Premium,tienda_A,7793
2/24/2020,Premium,tienda_A,9361
3/4/2020,Premium,tienda_A,8865
3/29/2020,Premium,tienda_A,5194
2/28/2021,Premium,tienda_A,4483
5/18/2020,Premium,tienda_A,9881
1/9/2021,Premium,tienda_A,5309
6/5/2020,Premium,tienda_A,8051
4/11/2021,Premium,tienda_A,4251
12/20/2020,Premium,tienda_A,4571
3/14/2021,Premium,tienda_A,4527
7/22/2020,Premium,tienda_A,8979
2/8/2021,Premium,tienda_A,9075
4/6/2021,Premium,tienda_A,7895
3/10/2020,Premium,tienda_A,9024
3/21/2020,Premium,tienda_A,6019
6/30/2020,Premium,tienda_A,8973
4/1/2020,Premium,tienda_A,8703
3/4/2021,Premium,tienda_A,8087
3/22/2020,Premium,tienda_A,5545
9/26/2020,Premium,tienda_A,5235
1/26/2021,Premium,tienda_A,8613
3/31/2020,Premium,tienda_A,9113
4/27/2020,Premium,tienda_A,9613
2/13/2020,Premium,tienda_A,8042
4/9/2020,Premium,tienda_A,8460
3/12/2020,Premium,tienda_A,8794
11/19/2020,Premium,tienda_A,8524
2/14/2020,Premium,tienda_A,8128
7/2/2020,Premium,tienda_A,8648
6/3/2020,Premium,tienda_A,9069
5/25/2020,Premium,tienda_A,7625
6/14/2020,Premium,tienda_A,4726
2/2/2021,Premium,tienda_A,9038
6/13/2020,Premium,tienda_A,5554
2/3/2021,Premium,tienda_A,8581
5/9/2021,Premium,tienda_A,4019
4/5/2021,Premium,tienda_A,6988
3/3/2020,Premium,tienda_A,9283
2/4/2021,Premium,tienda_A,8410
3/21/2021,Premium,tienda_A,4441
4/5/2020,Premium,tienda_A,4760
4/26/2021,Premium,tienda_A,7937
1/14/2021,Premium,tienda_A,8205
2/25/2020,Premium,tienda_A,8827
2/5/2021,Premium,tienda_A,8130
9/25/2020,Premium,tienda_A,8245
8/27/2020,Premium,tienda_A,8738
7/13/2020,Premium,tienda_A,9449
6/17/2020,Premium,tienda_A,8415
6/16/2021,Premium,tienda_A,7757
12/27/2020,Premium,tienda_A,4111
5/3/2020,Premium,tienda_A,4405
4/11/2020,Premium,tienda_A,5434
8/15/2020,Premium,tienda_A,6004
4/19/2021,Premium,tienda_A,8235
12/25/2020,Premium,tienda_A,4463
2/7/2020,Premium,tienda_A,6778
9/10/2020,Premium,tienda_A,8544
9/27/2020,Premium,tienda_A,4607
11/22/2020,Premium,tienda_A,4409
7/16/2020,Premium,tienda_A,9165
2/20/2021,Premium,tienda_A,5483
5/31/2021,Premium,tienda_A,6920
4/6/2020,Premium,tienda_A,7791
6/12/2020,Premium,tienda_A,8943
4/17/2020,Premium,tienda_A,8813
3/13/2021,Premium,tienda_A,5916
11/16/2020,Premium,tienda_A,9206
5/6/2020,Premium,tienda_A,9031
12/16/2020,Premium,tienda_A,8911
8/3/2020,Premium,tienda_A,9072
3/29/2021,Premium,tienda_A,8567
5/7/2020,Premium,tienda_A,8976
9/8/2020,Premium,tienda_A,8951
5/29/2021,Premium,tienda_A,4851
6/10/2020,Premium,tienda_A,8794
12/11/2020,Premium,tienda_A,8545
6/15/2021,Premium,tienda_A,8249
11/7/2020,Premium,tienda_A,4528
2/12/2020,Premium,tienda_A,7731
6/26/2020,Premium,tienda_A,7856
3/24/2020,Premium,tienda_A,8635
11/13/2020,Premium,tienda_A,7745
5/12/2020,Premium,tienda_A,9223
9/11/2020,Premium,tienda_A,8094
2/26/2020,Premium,tienda_A,8456
6/4/2020,Premium,tienda_A,8857
11/25/2020,Premium,tienda_A,7886
5/9/2020,Premium,tienda_A,6496
1/7/2021,Premium,tienda_A,8218
12/6/2020,Premium,tienda_A,4473
9/24/2020,Premium,tienda_A,8193
1/20/2021,Premium,tienda_A,8469
2/2/2020,Premium,tienda_A,4524
9/1/2020,Premium,tienda_A,8763
7/29/2020,Premium,tienda_A,8070
8/23/2020,Premium,tienda_A,5033
7/23/2020,Premium,tienda_A,8590
6/8/2020,Premium,tienda_A,9684
7/28/2020,Premium,tienda_A,8953
9/29/2020,Premium,tienda_A,8279
7/10/2020,Premium,tienda_A,8581
7/12/2020,Premium,tienda_A,4585
8/9/2020,Premium,tienda_A,4732
11/11/2020,Basic,tienda_B,721
1/18/2021,Basic,tienda_B,876
4/22/2021,Basic,tienda_B,730
5/20/2020,Basic,tienda_B,850
3/3/2020,Basic,tienda_B,798
6/28/2020,Basic,tienda_B,387
12/7/2020,Basic,tienda_B,879
6/14/2021,Basic,tienda_B,552
9/30/2020,Basic,tienda_B,644
4/26/2020,Basic,tienda_B,243
11/30/2020,Basic,tienda_B,943
11/9/2020,Basic,tienda_B,947
9/14/2020,Basic,tienda_B,887
2/9/2020,Basic,tienda_B,56
2/26/2020,Basic,tienda_B,757
4/16/2020,Basic,tienda_B,654
4/15/2021,Basic,tienda_B,786
5/20/2021,Basic,tienda_B,676
4/5/2021,Basic,tienda_B,420
11/17/2020,Basic,tienda_B,842
6/3/2021,Basic,tienda_B,714
9/16/2020,Basic,tienda_B,831
9/5/2020,Basic,tienda_B,6
9/17/2020,Basic,tienda_B,851
6/19/2021,Basic,tienda_B,4
8/16/2020,Basic,tienda_B,51
8/15/2020,Basic,tienda_B,7
6/14/2020,Basic,tienda_B,43
5/2/2020,Basic,tienda_B,0
8/1/2020,Basic,tienda_B,4
5/15/2021,Basic,tienda_B,2
4/29/2020,Basic,tienda_B,671
2/20/2020,Basic,tienda_B,761
2/26/2021,Basic,tienda_B,551
12/3/2020,Basic,tienda_B,796
5/9/2021,Basic,tienda_B,36
3/25/2021,Basic,tienda_B,729
7/21/2020,Basic,tienda_B,921
5/13/2020,Basic,tienda_B,860
6/20/2021,Basic,tienda_B,50
6/21/2020,Basic,tienda_B,45
12/29/2020,Basic,tienda_B,731
12/18/2020,Basic,tienda_B,734
2/18/2021,Basic,tienda_B,691
2/12/2021,Basic,tienda_B,353
2/7/2021,Basic,tienda_B,183
2/16/2021,Basic,tienda_B,459
1/5/2021,Basic,tienda_B,818
6/8/2021,Basic,tienda_B,709
6/22/2020,Basic,tienda_B,1100
11/28/2020,Basic,tienda_B,4
6/12/2021,Basic,tienda_B,2
5/13/2021,Basic,tienda_B,607
4/3/2021,Basic,tienda_B,6
4/10/2020,Basic,tienda_B,485
4/21/2020,Basic,tienda_B,697
11/4/2020,Basic,tienda_B,825
3/10/2021,Basic,tienda_B,720
1/23/2021,Basic,tienda_B,4
6/20/2020,Basic,tienda_B,0
6/6/2020,Basic,tienda_B,1
4/28/2021,Basic,tienda_B,714
5/26/2021,Basic,tienda_B,730
7/22/2020,Basic,tienda_B,841
4/1/2020,Basic,tienda_B,626
6/30/2020,Basic,tienda_B,935
5/9/2020,Basic,tienda_B,233
5/27/2020,Basic,tienda_B,817
8/2/2020,Basic,tienda_B,6
6/29/2020,Basic,tienda_B,1006
6/11/2021,Basic,tienda_B,535
3/25/2020,Basic,tienda_B,626
4/23/2020,Basic,tienda_B,643
12/15/2020,Basic,tienda_B,775
9/23/2020,Basic,tienda_B,737
8/31/2020,Basic,tienda_B,876
2/22/2021,Basic,tienda_B,796
2/4/2021,Basic,tienda_B,701
8/21/2020,Basic,tienda_B,685
4/6/2021,Basic,tienda_B,812
11/23/2020,Basic,tienda_B,951
3/9/2020,Basic,tienda_B,889
4/21/2021,Basic,tienda_B,722
7/3/2020,Basic,tienda_B,577
5/27/2021,Basic,tienda_B,681
12/6/2020,Basic,tienda_B,52
11/20/2020,Basic,tienda_B,702
1/4/2021,Basic,tienda_B,889
6/4/2021,Basic,tienda_B,596
12/19/2020,Basic,tienda_B,3
3/19/2020,Basic,tienda_B,672
3/11/2020,Basic,tienda_B,721
4/19/2021,Basic,tienda_B,836
8/24/2020,Basic,tienda_B,920
9/24/2020,Basic,tienda_B,835
11/8/2020,Basic,tienda_B,46
2/6/2021,Basic,tienda_B,2
3/3/2021,Basic,tienda_B,696
6/24/2020,Basic,tienda_B,787
7/29/2020,Basic,tienda_B,879
2/23/2020,Basic,tienda_B,54
5/28/2020,Basic,tienda_B,753
5/7/2020,Basic,tienda_B,708
4/2/2021,Basic,tienda_B,455
5/11/2021,Basic,tienda_B,711
4/1/2021,Basic,tienda_B,696
11/22/2020,Basic,tienda_B,54
8/25/2020,Basic,tienda_B,917
5/8/2021,Basic,tienda_B,219
7/7/2020,Basic,tienda_B,1047
3/30/2020,Basic,tienda_B,675
3/29/2021,Basic,tienda_B,771
3/30/2021,Basic,tienda_B,779
7/25/2020,Basic,tienda_B,2
3/28/2020,Basic,tienda_B,3
2/22/2020,Basic,tienda_B,1
3/22/2020,Basic,tienda_B,31
8/22/2020,Basic,tienda_B,2
7/18/2020,Basic,tienda_B,0
3/31/2021,Basic,tienda_B,698
2/3/2021,Basic,tienda_B,793
5/21/2020,Basic,tienda_B,753
6/2/2020,Basic,tienda_B,964
1/11/2021,Basic,tienda_B,980
11/27/2020,Basic,tienda_B,498
4/30/2020,Basic,tienda_B,548
6/24/2021,Basic,tienda_B,603
2/13/2021,Basic,tienda_B,0
8/4/2020,Basic,tienda_B,929
7/30/2020,Basic,tienda_B,832
4/3/2020,Basic,tienda_B,522
7/24/2020,Basic,tienda_B,752
3/6/2021,Basic,tienda_B,4
7/20/2020,Basic,tienda_B,1093
2/25/2020,Basic,tienda_B,827
5/3/2020,Basic,tienda_B,65
6/4/2020,Basic,tienda_B,875
4/2/2020,Basic,tienda_B,586
5/4/2020,Basic,tienda_B,529
6/1/2021,Basic,tienda_B,633
8/7/2020,Basic,tienda_B,695
12/25/2020,Basic,tienda_B,235
5/30/2020,Basic,tienda_B,2
9/20/2020,Basic,tienda_B,55
5/24/2020,Basic,tienda_B,24
1/24/2021,Basic,tienda_B,52
9/27/2020,Basic,tienda_B,197
5/4/2021,Basic,tienda_B,421
6/18/2021,Basic,tienda_B,573
7/16/2020,Basic,tienda_B,835
5/22/2020,Basic,tienda_B,632
9/21/2020,Basic,tienda_B,984
8/20/2020,Basic,tienda_B,820
11/16/2020,Basic,tienda_B,784
2/25/2021,Basic,tienda_B,697
1/13/2021,Basic,tienda_B,829
2/24/2020,Basic,tienda_B,846
2/8/2021,Basic,tienda_B,745
1/21/2021,Basic,tienda_B,837
6/15/2020,Basic,tienda_B,991
2/13/2020,Basic,tienda_B,627
9/8/2020,Basic,tienda_B,894
12/28/2020,Basic,tienda_B,826
5/1/2020,Basic,tienda_B,196
1/8/2021,Basic,tienda_B,753
3/26/2020,Basic,tienda_B,640
6/5/2021,Basic,tienda_B,4
1/15/2021,Basic,tienda_B,677
11/2/2020,Basic,tienda_B,833
2/11/2021,Basic,tienda_B,433
3/23/2020,Basic,tienda_B,696
6/15/2021,Basic,tienda_B,774
2/23/2021,Basic,tienda_B,773
2/12/2020,Basic,tienda_B,644
3/18/2021,Basic,tienda_B,725
6/7/2021,Basic,tienda_B,767
1/28/2021,Basic,tienda_B,778
12/5/2020,Basic,tienda_B,9
3/26/2021,Basic,tienda_B,676
6/23/2020,Basic,tienda_B,888
4/5/2020,Basic,tienda_B,24
4/15/2020,Basic,tienda_B,546
5/25/2021,Basic,tienda_B,680
9/18/2020,Basic,tienda_B,673
3/8/2020,Basic,tienda_B,53
2/9/2021,Basic,tienda_B,604
2/20/2021,Basic,tienda_B,166
1/22/2021,Basic,tienda_B,669
12/16/2020,Basic,tienda_B,853
4/8/2020,Basic,tienda_B,573
5/19/2021,Basic,tienda_B,734
4/4/2021,Basic,tienda_B,23
5/15/2020,Basic,tienda_B,651
8/3/2020,Basic,tienda_B,874
5/29/2021,Basic,tienda_B,0
6/9/2021,Basic,tienda_B,670
9/25/2020,Basic,tienda_B,755
11/19/2020,Basic,tienda_B,784
12/24/2020,Basic,tienda_B,512
7/9/2020,Basic,tienda_B,801
3/6/2020,Basic,tienda_B,717
2/1/2021,Basic,tienda_B,811
2/15/2021,Basic,tienda_B,518
8/9/2020,Basic,tienda_B,51
7/11/2020,Basic,tienda_B,0
7/31/2020,Basic,tienda_B,696
6/16/2020,Basic,tienda_B,957
4/25/2020,Basic,tienda_B,0
5/7/2021,Basic,tienda_B,649
9/12/2020,Basic,tienda_B,4
2/7/2020,Basic,tienda_B,471
12/22/2020,Basic,tienda_B,865
1/2/2021,Basic,tienda_B,2
3/13/2021,Basic,tienda_B,0
2/3/2020,Basic,tienda_B,609
7/28/2020,Basic,tienda_B,778
9/3/2020,Basic,tienda_B,840
6/16/2021,Basic,tienda_B,722
7/15/2020,Basic,tienda_B,925
8/23/2020,Basic,tienda_B,43
4/19/2020,Basic,tienda_B,32
3/20/2020,Basic,tienda_B,572
2/27/2020,Basic,tienda_B,716
8/29/2020,Basic,tienda_B,8
9/1/2020,Basic,tienda_B,792
3/5/2021,Basic,tienda_B,585
9/19/2020,Basic,tienda_B,4
12/9/2020,Basic,tienda_B,826
3/20/2021,Basic,tienda_B,6
6/1/2020,Basic,tienda_B,940
6/17/2021,Basic,tienda_B,594
1/29/2021,Basic,tienda_B,650
7/6/2020,Basic,tienda_B,1104
3/16/2020,Basic,tienda_B,841
6/19/2020,Basic,tienda_B,781
8/13/2020,Basic,tienda_B,861
4/7/2020,Basic,tienda_B,707
5/10/2021,Basic,tienda_B,762
8/14/2020,Basic,tienda_B,722
6/12/2020,Basic,tienda_B,898
8/18/2020,Basic,tienda_B,798
3/5/2020,Basic,tienda_B,769
9/11/2020,Basic,tienda_B,743
8/10/2020,Basic,tienda_B,1004
3/24/2020,Basic,tienda_B,641
4/11/2020,Basic,tienda_B,0
2/8/2020,Basic,tienda_B,0
6/7/2020,Basic,tienda_B,48
4/17/2020,Basic,tienda_B,573
12/30/2020,Basic,tienda_B,698
4/14/2020,Basic,tienda_B,694
7/4/2020,Basic,tienda_B,0
3/9/2021,Basic,tienda_B,797
3/21/2020,Basic,tienda_B,2
5/5/2021,Basic,tienda_B,399
11/1/2020,Basic,tienda_B,45
8/26/2020,Basic,tienda_B,851
3/31/2020,Basic,tienda_B,693
5/22/2021,Basic,tienda_B,10
4/12/2021,Basic,tienda_B,852
5/31/2021,Basic,tienda_B,536
2/28/2020,Basic,tienda_B,578
9/4/2020,Basic,tienda_B,733
11/24/2020,Basic,tienda_B,874
4/30/2021,Basic,tienda_B,516
5/21/2021,Basic,tienda_B,592
2/15/2020,Basic,tienda_B,2
6/10/2021,Basic,tienda_B,671
9/26/2020,Basic,tienda_B,2
5/14/2020,Basic,tienda_B,762
1/31/2021,Basic,tienda_B,47
12/12/2020,Basic,tienda_B,2
8/5/2020,Basic,tienda_B,825
6/27/2020,Basic,tienda_B,0
4/9/2021,Basic,tienda_B,564
5/29/2020,Basic,tienda_B,718
8/11/2020,Basic,tienda_B,897
6/2/2021,Basic,tienda_B,614
4/27/2020,Basic,tienda_B,798
1/12/2021,Basic,tienda_B,833
6/23/2021,Basic,tienda_B,681
3/17/2021,Basic,tienda_B,703
1/26/2021,Basic,tienda_B,731
4/9/2020,Basic,tienda_B,574
3/28/2021,Basic,tienda_B,29
12/1/2020,Basic,tienda_B,838
9/15/2020,Basic,tienda_B,800
3/23/2021,Basic,tienda_B,790
5/11/2020,Basic,tienda_B,941
7/26/2020,Basic,tienda_B,66
3/11/2021,Basic,tienda_B,601
3/1/2020,Basic,tienda_B,55
3/24/2021,Basic,tienda_B,771
11/21/2020,Basic,tienda_B,2
6/25/2021,Basic,tienda_B,0
5/31/2020,Basic,tienda_B,42
1/6/2021,Basic,tienda_B,748
8/19/2020,Basic,tienda_B,793
1/17/2021,Basic,tienda_B,75
11/5/2020,Basic,tienda_B,803
4/28/2020,Basic,tienda_B,703
3/4/2021,Basic,tienda_B,731
12/2/2020,Basic,tienda_B,757
12/11/2020,Basic,tienda_B,718
2/14/2020,Basic,tienda_B,594
5/28/2021,Basic,tienda_B,548
4/20/2021,Basic,tienda_B,810
2/18/2020,Basic,tienda_B,807
4/24/2021,Basic,tienda_B,1
9/28/2020,Basic,tienda_B,848
5/8/2020,Basic,tienda_B,558
4/23/2021,Basic,tienda_B,669
11/13/2020,Basic,tienda_B,632
8/6/2020,Basic,tienda_B,816
5/6/2020,Basic,tienda_B,731
12/23/2020,Basic,tienda_B,704
3/7/2020,Basic,tienda_B,2
5/17/2021,Basic,tienda_B,781
2/24/2021,Basic,tienda_B,803
5/16/2021,Basic,tienda_B,32
4/20/2020,Basic,tienda_B,817
1/10/2021,Basic,tienda_B,46
9/6/2020,Basic,tienda_B,70
4/10/2021,Basic,tienda_B,2
2/21/2021,Basic,tienda_B,39
9/9/2020,Basic,tienda_B,869
3/13/2020,Basic,tienda_B,591
12/21/2020,Basic,tienda_B,881
3/12/2021,Basic,tienda_B,675
8/17/2020,Basic,tienda_B,866
1/14/2021,Basic,tienda_B,722
4/8/2021,Basic,tienda_B,709
5/24/2021,Basic,tienda_B,762
5/18/2020,Basic,tienda_B,921
3/27/2020,Basic,tienda_B,483
4/29/2021,Basic,tienda_B,722
6/11/2020,Basic,tienda_B,922
1/7/2021,Basic,tienda_B,815
4/26/2021,Basic,tienda_B,816
3/16/2021,Basic,tienda_B,753
4/4/2020,Basic,tienda_B,2
2/19/2020,Basic,tienda_B,766
6/10/2020,Basic,tienda_B,778
5/12/2021,Basic,tienda_B,651
11/18/2020,Basic,tienda_B,797
1/27/2021,Basic,tienda_B,669
6/21/2021,Basic,tienda_B,766
1/19/2021,Basic,tienda_B,802
6/18/2020,Basic,tienda_B,973
9/10/2020,Basic,tienda_B,805
3/12/2020,Basic,tienda_B,757
6/5/2020,Basic,tienda_B,773
6/3/2020,Basic,tienda_B,897
9/29/2020,Basic,tienda_B,766
2/28/2021,Basic,tienda_B,57
11/7/2020,Basic,tienda_B,6
3/27/2021,Basic,tienda_B,10
3/14/2021,Basic,tienda_B,43
9/13/2020,Basic,tienda_B,48
1/9/2021,Basic,tienda_B,8
8/30/2020,Basic,tienda_B,60
11/14/2020,Basic,tienda_B,8
4/18/2020,Basic,tienda_B,0
4/11/2021,Basic,tienda_B,37
3/4/2020,Basic,tienda_B,807
7/12/2020,Basic,tienda_B,72
11/25/2020,Basic,tienda_B,768
5/10/2020,Basic,tienda_B,36
7/5/2020,Basic,tienda_B,50
4/27/2021,Basic,tienda_B,758
12/4/2020,Basic,tienda_B,603
6/6/2021,Basic,tienda_B,62
6/25/2020,Basic,tienda_B,567
8/12/2020,Basic,tienda_B,817
1/30/2021,Basic,tienda_B,2
11/6/2020,Basic,tienda_B,701
2/10/2020,Basic,tienda_B,769
4/13/2020,Basic,tienda_B,660
3/17/2020,Basic,tienda_B,668
5/23/2021,Basic,tienda_B,53
11/3/2020,Basic,tienda_B,890
9/7/2020,Basic,tienda_B,750
5/2/2021,Basic,tienda_B,55
3/14/2020,Basic,tienda_B,0
5/12/2020,Basic,tienda_B,819
5/16/2020,Basic,tienda_B,2
2/6/2020,Basic,tienda_B,632
5/1/2021,Basic,tienda_B,2
3/29/2020,Basic,tienda_B,33
5/25/2020,Basic,tienda_B,575
4/24/2020,Basic,tienda_B,626
4/6/2020,Basic,tienda_B,376
5/23/2020,Basic,tienda_B,0
3/10/2020,Basic,tienda_B,874
7/27/2020,Basic,tienda_B,982
2/11/2020,Basic,tienda_B,720
6/22/2021,Basic,tienda_B,714
6/13/2021,Basic,tienda_B,53
1/16/2021,Basic,tienda_B,3
11/15/2020,Basic,tienda_B,15
2/27/2021,Basic,tienda_B,2
4/16/2021,Basic,tienda_B,645
11/10/2020,Basic,tienda_B,816
7/8/2020,Basic,tienda_B,872
1/20/2021,Basic,tienda_B,741
3/22/2021,Basic,tienda_B,865
7/2/2020,Basic,tienda_B,829
12/13/2020,Basic,tienda_B,60
2/10/2021,Basic,tienda_B,598
3/1/2021,Basic,tienda_B,785
2/2/2021,Basic,tienda_B,715
6/8/2020,Basic,tienda_B,1071
7/23/2020,Basic,tienda_B,904
5/26/2020,Basic,tienda_B,911
2/17/2020,Basic,tienda_B,836
12/14/2020,Basic,tienda_B,908
1/1/2021,Basic,tienda_B,42
6/13/2020,Basic,tienda_B,1
3/15/2020,Basic,tienda_B,44
2/14/2021,Basic,tienda_B,30
5/3/2021,Basic,tienda_B,477
3/8/2021,Basic,tienda_B,887
3/7/2021,Basic,tienda_B,48
2/29/2020,Basic,tienda_B,0
5/14/2021,Basic,tienda_B,495
3/2/2020,Basic,tienda_B,880
2/16/2020,Basic,tienda_B,56
5/17/2020,Basic,tienda_B,47
4/17/2021,Basic,tienda_B,4
12/26/2020,Basic,tienda_B,0
3/15/2021,Basic,tienda_B,830
4/12/2020,Basic,tienda_B,26
4/22/2020,Basic,tienda_B,656
12/8/2020,Basic,tienda_B,678
3/18/2020,Basic,tienda_B,676
4/14/2021,Basic,tienda_B,661
4/25/2021,Basic,tienda_B,351
5/6/2021,Basic,tienda_B,710
2/5/2021,Basic,tienda_B,670
7/13/2020,Basic,tienda_B,932
1/25/2021,Basic,tienda_B,824
4/13/2021,Basic,tienda_B,736
6/17/2020,Basic,tienda_B,777
3/19/2021,Basic,tienda_B,634
11/12/2020,Basic,tienda_B,786
8/28/2020,Basic,tienda_B,662
7/14/2020,Basic,tienda_B,836
11/26/2020,Basic,tienda_B,703
12/31/2020,Basic,tienda_B,489
2/4/2020,Basic,tienda_B,620
5/30/2021,Basic,tienda_B,40
8/8/2020,Basic,tienda_B,10
4/7/2021,Basic,tienda_B,802
3/21/2021,Basic,tienda_B,36
3/2/2021,Basic,tienda_B,814
11/29/2020,Basic,tienda_B,41
7/17/2020,Basic,tienda_B,745
9/22/2020,Basic,tienda_B,831
5/18/2021,Basic,tienda_B,747
5/19/2020,Basic,tienda_B,801
9/2/2020,Basic,tienda_B,828
1/3/2021,Basic,tienda_B,51
2/17/2021,Basic,tienda_B,527
7/19/2020,Basic,tienda_B,46
2/2/2020,Basic,tienda_B,72
12/17/2020,Basic,tienda_B,779
8/27/2020,Basic,tienda_B,836
7/1/2020,Basic,tienda_B,934
4/18/2021,Basic,tienda_B,74
12/27/2020,Basic,tienda_B,36
12/10/2020,Basic,tienda_B,789
6/9/2020,Basic,tienda_B,883
7/10/2020,Basic,tienda_B,873
2/19/2021,Basic,tienda_B,569
2/21/2020,Basic,tienda_B,588
2/5/2020,Basic,tienda_B,594
12/20/2020,Basic,tienda_B,49
5/5/2020,Basic,tienda_B,415
6/26/2020,Basic,tienda_B,461
10/31/2020,Basic,tienda_B,2
8/13/2020,Pro,tienda_B,11019
6/12/2020,Pro,tienda_B,10151
9/28/2020,Pro,tienda_B,10861
5/11/2020,Pro,tienda_B,11688
8/18/2020,Pro,tienda_B,11665
12/31/2020,Pro,tienda_B,5395
3/14/2020,Pro,tienda_B,3004
3/5/2020,Pro,tienda_B,10990
6/6/2021,Pro,tienda_B,1813
5/15/2021,Pro,tienda_B,2622
4/19/2020,Pro,tienda_B,2167
2/10/2021,Pro,tienda_B,8630
11/21/2020,Pro,tienda_B,2943
9/15/2020,Pro,tienda_B,11266
3/23/2021,Pro,tienda_B,10118
2/8/2020,Pro,tienda_B,2407
8/5/2020,Pro,tienda_B,10769
11/20/2020,Pro,tienda_B,9299
5/29/2020,Pro,tienda_B,9721
4/9/2021,Pro,tienda_B,8336
5/28/2021,Pro,tienda_B,8606
8/26/2020,Pro,tienda_B,11225
5/5/2021,Pro,tienda_B,7976
7/26/2020,Pro,tienda_B,2472
11/1/2020,Pro,tienda_B,1956
3/31/2020,Pro,tienda_B,9773
4/12/2021,Pro,tienda_B,10696
2/28/2020,Pro,tienda_B,9762
4/30/2021,Pro,tienda_B,8316
2/8/2021,Pro,tienda_B,10598
1/26/2021,Pro,tienda_B,10265
11/24/2020,Pro,tienda_B,10344
8/30/2020,Pro,tienda_B,2105
6/18/2020,Pro,tienda_B,11075
9/10/2020,Pro,tienda_B,10964
5/31/2021,Pro,tienda_B,7238
3/4/2021,Pro,tienda_B,10125
2/24/2021,Pro,tienda_B,10249
4/23/2021,Pro,tienda_B,8624
11/13/2020,Pro,tienda_B,9205
1/10/2021,Pro,tienda_B,2086
7/28/2020,Pro,tienda_B,11448
1/19/2021,Pro,tienda_B,10765
4/10/2021,Pro,tienda_B,2411
4/14/2021,Pro,tienda_B,9598
6/10/2020,Pro,tienda_B,11559
3/17/2021,Pro,tienda_B,10256
1/14/2021,Pro,tienda_B,10410
2/28/2021,Pro,tienda_B,2001
1/25/2021,Pro,tienda_B,10874
5/24/2021,Pro,tienda_B,9581
11/14/2020,Pro,tienda_B,2513
1/9/2021,Pro,tienda_B,3023
1/16/2021,Pro,tienda_B,3048
2/21/2021,Pro,tienda_B,2235
5/6/2020,Pro,tienda_B,10866
9/9/2020,Pro,tienda_B,11568
4/8/2021,Pro,tienda_B,9727
3/12/2021,Pro,tienda_B,9551
12/21/2020,Pro,tienda_B,10652
3/26/2020,Pro,tienda_B,9036
3/4/2020,Pro,tienda_B,11761
5/3/2021,Pro,tienda_B,7736
7/22/2020,Pro,tienda_B,11417
5/4/2021,Pro,tienda_B,7725
6/18/2021,Pro,tienda_B,8426
1/29/2021,Pro,tienda_B,8965
3/3/2020,Pro,tienda_B,11948
12/15/2020,Pro,tienda_B,10267
9/21/2020,Pro,tienda_B,10988
6/30/2020,Pro,tienda_B,11454
2/27/2020,Pro,tienda_B,10673
2/3/2021,Pro,tienda_B,10036
3/10/2020,Pro,tienda_B,11797
5/21/2020,Pro,tienda_B,10119
7/27/2020,Pro,tienda_B,12873
11/27/2020,Pro,tienda_B,7575
6/13/2021,Pro,tienda_B,1779
4/30/2020,Pro,tienda_B,9486
9/6/2020,Pro,tienda_B,1953
6/3/2020,Pro,tienda_B,11548
3/19/2020,Pro,tienda_B,9369
5/12/2020,Pro,tienda_B,10976
2/11/2020,Pro,tienda_B,10620
5/4/2020,Pro,tienda_B,8748
3/26/2021,Pro,tienda_B,8767
4/16/2021,Pro,tienda_B,8628
3/8/2021,Pro,tienda_B,10673
11/5/2020,Pro,tienda_B,9991
11/16/2020,Pro,tienda_B,10532
3/10/2021,Pro,tienda_B,10526
6/2/2021,Pro,tienda_B,9513
3/12/2020,Pro,tienda_B,10844
11/25/2020,Pro,tienda_B,9550
4/15/2020,Pro,tienda_B,10048
2/13/2020,Pro,tienda_B,10702
8/22/2020,Pro,tienda_B,2969
3/22/2021,Pro,tienda_B,10522
5/25/2020,Pro,tienda_B,7937
7/31/2020,Pro,tienda_B,9322
5/18/2020,Pro,tienda_B,11672
4/2/2021,Pro,tienda_B,6565
9/23/2020,Pro,tienda_B,11206
4/8/2020,Pro,tienda_B,9888
7/29/2020,Pro,tienda_B,11258
12/16/2020,Pro,tienda_B,10112
1/30/2021,Pro,tienda_B,2776
4/13/2020,Pro,tienda_B,9505
2/26/2021,Pro,tienda_B,8394
1/8/2021,Pro,tienda_B,9118
3/17/2020,Pro,tienda_B,10031
9/5/2020,Pro,tienda_B,2615
6/14/2020,Pro,tienda_B,2399
3/25/2020,Pro,tienda_B,9746
2/2/2021,Pro,tienda_B,10346
6/8/2020,Pro,tienda_B,12166
3/1/2021,Pro,tienda_B,10501
5/3/2020,Pro,tienda_B,2021
12/20/2020,Pro,tienda_B,2001
4/17/2020,Pro,tienda_B,9227
4/28/2020,Pro,tienda_B,10625
5/26/2021,Pro,tienda_B,9336
2/9/2020,Pro,tienda_B,2059
6/16/2021,Pro,tienda_B,9779
2/19/2021,Pro,tienda_B,9390
5/31/2020,Pro,tienda_B,2139
6/9/2020,Pro,tienda_B,11647
6/25/2021,Pro,tienda_B,25
4/24/2020,Pro,tienda_B,9421
4/29/2020,Pro,tienda_B,9903
12/5/2020,Pro,tienda_B,3072
1/20/2021,Pro,tienda_B,10184
12/6/2020,Pro,tienda_B,2258
4/26/2020,Pro,tienda_B,3781
9/30/2020,Pro,tienda_B,9736
11/2/2020,Pro,tienda_B,10497
2/11/2021,Pro,tienda_B,7640
4/14/2020,Pro,tienda_B,10621
11/9/2020,Pro,tienda_B,11511
9/14/2020,Pro,tienda_B,11797
9/3/2020,Pro,tienda_B,10903
5/20/2020,Pro,tienda_B,11388
12/30/2020,Pro,tienda_B,7375
11/6/2020,Pro,tienda_B,9219
2/6/2020,Pro,tienda_B,9588
5/19/2020,Pro,tienda_B,11308
6/5/2021,Pro,tienda_B,2369
9/13/2020,Pro,tienda_B,2182
6/23/2021,Pro,tienda_B,9840
4/1/2020,Pro,tienda_B,9391
1/17/2021,Pro,tienda_B,1985
6/1/2021,Pro,tienda_B,9795
5/21/2021,Pro,tienda_B,8816
1/11/2021,Pro,tienda_B,10897
5/27/2020,Pro,tienda_B,11452
7/11/2020,Pro,tienda_B,2908
3/11/2020,Pro,tienda_B,11697
11/12/2020,Pro,tienda_B,10518
2/1/2021,Pro,tienda_B,10705
5/8/2020,Pro,tienda_B,9473
12/1/2020,Pro,tienda_B,10436
5/26/2020,Pro,tienda_B,11323
3/24/2020,Pro,tienda_B,10103
2/15/2021,Pro,tienda_B,7264
5/16/2021,Pro,tienda_B,1913
3/28/2021,Pro,tienda_B,1993
12/11/2020,Pro,tienda_B,9417
7/10/2020,Pro,tienda_B,10069
12/14/2020,Pro,tienda_B,11190
5/22/2020,Pro,tienda_B,9378
4/2/2020,Pro,tienda_B,9051
6/4/2020,Pro,tienda_B,11146
5/17/2020,Pro,tienda_B,2300
2/6/2021,Pro,tienda_B,2862
12/23/2020,Pro,tienda_B,9097
1/3/2021,Pro,tienda_B,1612
4/3/2021,Pro,tienda_B,2331
1/31/2021,Pro,tienda_B,1951
2/25/2020,Pro,tienda_B,11302
3/21/2021,Pro,tienda_B,2027
3/7/2021,Pro,tienda_B,1810
3/13/2020,Pro,tienda_B,9756
6/2/2020,Pro,tienda_B,11463
11/15/2020,Pro,tienda_B,1915
12/12/2020,Pro,tienda_B,3057
11/22/2020,Pro,tienda_B,1974
9/27/2020,Pro,tienda_B,3305
7/16/2020,Pro,tienda_B,11072
3/15/2021,Pro,tienda_B,10596
6/23/2020,Pro,tienda_B,12127
8/25/2020,Pro,tienda_B,11725
2/25/2021,Pro,tienda_B,10008
5/9/2020,Pro,tienda_B,4516
11/18/2020,Pro,tienda_B,11005
1/2/2021,Pro,tienda_B,1891
9/1/2020,Pro,tienda_B,11284
8/20/2020,Pro,tienda_B,11099
2/3/2020,Pro,tienda_B,10332
5/11/2021,Pro,tienda_B,10120
3/2/2020,Pro,tienda_B,11910
3/28/2020,Pro,tienda_B,2766
8/29/2020,Pro,tienda_B,2994
6/7/2021,Pro,tienda_B,10416
6/21/2021,Pro,tienda_B,10440
6/3/2021,Pro,tienda_B,9046
8/15/2020,Pro,tienda_B,2982
9/24/2020,Pro,tienda_B,10498
2/17/2020,Pro,tienda_B,10592
4/11/2020,Pro,tienda_B,2659
2/26/2020,Pro,tienda_B,11150
6/13/2020,Pro,tienda_B,3129
2/17/2021,Pro,tienda_B,8394
5/24/2020,Pro,tienda_B,2071
9/8/2020,Pro,tienda_B,11919
4/10/2020,Pro,tienda_B,7735
6/15/2021,Pro,tienda_B,10322
2/5/2021,Pro,tienda_B,8948
8/27/2020,Pro,tienda_B,10993
6/4/2021,Pro,tienda_B,8444
5/6/2021,Pro,tienda_B,9985
6/19/2021,Pro,tienda_B,2517
4/7/2021,Pro,tienda_B,10036
1/21/2021,Pro,tienda_B,10145
8/8/2020,Pro,tienda_B,2972
2/24/2020,Pro,tienda_B,11050
8/17/2020,Pro,tienda_B,11643
8/19/2020,Pro,tienda_B,11094
3/31/2021,Pro,tienda_B,9783
12/9/2020,Pro,tienda_B,10400
4/20/2021,Pro,tienda_B,10161
9/12/2020,Pro,tienda_B,3203
3/7/2020,Pro,tienda_B,2956
5/14/2021,Pro,tienda_B,8333
7/3/2020,Pro,tienda_B,8157
4/9/2020,Pro,tienda_B,9387
2/15/2020,Pro,tienda_B,2827
2/13/2021,Pro,tienda_B,2107
7/2/2020,Pro,tienda_B,10603
7/20/2020,Pro,tienda_B,12407
2/23/2020,Pro,tienda_B,2272
2/29/2020,Pro,tienda_B,2876
11/10/2020,Pro,tienda_B,10614
5/23/2020,Pro,tienda_B,2948
7/17/2020,Pro,tienda_B,10291
12/7/2020,Pro,tienda_B,10819
12/25/2020,Pro,tienda_B,3857
6/15/2020,Pro,tienda_B,12601
4/18/2020,Pro,tienda_B,2961
9/16/2020,Pro,tienda_B,10525
11/11/2020,Pro,tienda_B,9599
4/22/2021,Pro,tienda_B,9424
4/5/2021,Pro,tienda_B,6934
5/10/2020,Pro,tienda_B,1966
2/5/2020,Pro,tienda_B,9970
6/1/2020,Pro,tienda_B,11030
2/20/2021,Pro,tienda_B,3706
3/16/2020,Pro,tienda_B,10568
5/5/2020,Pro,tienda_B,8389
4/11/2021,Pro,tienda_B,1718
5/20/2021,Pro,tienda_B,9336
11/23/2020,Pro,tienda_B,11051
6/19/2020,Pro,tienda_B,9900
1/22/2021,Pro,tienda_B,9211
6/22/2021,Pro,tienda_B,10036
11/28/2020,Pro,tienda_B,2485
12/26/2020,Pro,tienda_B,2143
12/19/2020,Pro,tienda_B,2706
4/15/2021,Pro,tienda_B,9656
8/1/2020,Pro,tienda_B,2600
1/1/2021,Pro,tienda_B,1461
5/25/2021,Pro,tienda_B,10096
11/17/2020,Pro,tienda_B,10826
5/7/2021,Pro,tienda_B,8677
5/10/2021,Pro,tienda_B,10153
6/11/2021,Pro,tienda_B,8882
4/27/2021,Pro,tienda_B,9744
3/13/2021,Pro,tienda_B,2781
6/17/2020,Pro,tienda_B,11349
4/24/2021,Pro,tienda_B,2575
5/30/2021,Pro,tienda_B,1662
11/30/2020,Pro,tienda_B,10814
8/16/2020,Pro,tienda_B,2078
12/13/2020,Pro,tienda_B,2093
3/8/2020,Pro,tienda_B,2127
12/28/2020,Pro,tienda_B,9295
3/19/2021,Pro,tienda_B,8759
2/4/2020,Pro,tienda_B,10334
4/19/2021,Pro,tienda_B,10222
9/11/2020,Pro,tienda_B,9263
3/5/2021,Pro,tienda_B,9249
4/25/2021,Pro,tienda_B,3347
11/3/2020,Pro,tienda_B,9874
5/22/2021,Pro,tienda_B,2791
9/17/2020,Pro,tienda_B,10775
6/28/2020,Pro,tienda_B,4257
6/14/2021,Pro,tienda_B,7906
3/20/2021,Pro,tienda_B,2787
4/7/2020,Pro,tienda_B,9911
1/23/2021,Pro,tienda_B,2789
1/18/2021,Pro,tienda_B,10012
9/25/2020,Pro,tienda_B,9492
7/13/2020,Pro,tienda_B,12099
2/7/2020,Pro,tienda_B,9143
1/13/2021,Pro,tienda_B,10557
6/20/2020,Pro,tienda_B,3212
6/11/2020,Pro,tienda_B,10498
12/8/2020,Pro,tienda_B,10127
8/21/2020,Pro,tienda_B,9907
3/30/2021,Pro,tienda_B,10071
3/25/2021,Pro,tienda_B,9358
6/6/2020,Pro,tienda_B,2793
6/8/2021,Pro,tienda_B,10351
1/5/2021,Pro,tienda_B,10776
6/22/2020,Pro,tienda_B,12642
6/12/2021,Pro,tienda_B,2395
6/21/2020,Pro,tienda_B,2068
6/20/2021,Pro,tienda_B,1778
8/11/2020,Pro,tienda_B,11915
12/18/2020,Pro,tienda_B,9118
12/17/2020,Pro,tienda_B,9991
5/13/2020,Pro,tienda_B,10961
6/27/2020,Pro,tienda_B,2860
12/29/2020,Pro,tienda_B,8613
1/4/2021,Pro,tienda_B,10837
2/18/2020,Pro,tienda_B,11907
2/12/2021,Pro,tienda_B,7092
4/21/2020,Pro,tienda_B,10502
2/7/2021,Pro,tienda_B,2946
2/16/2021,Pro,tienda_B,8135
4/28/2021,Pro,tienda_B,9364
6/17/2021,Pro,tienda_B,9728
3/27/2020,Pro,tienda_B,8874
5/8/2021,Pro,tienda_B,3562
1/7/2021,Pro,tienda_B,10037
4/29/2021,Pro,tienda_B,8905
2/14/2021,Pro,tienda_B,1714
2/16/2020,Pro,tienda_B,2068
12/10/2020,Pro,tienda_B,10214
6/26/2020,Pro,tienda_B,8381
9/29/2020,Pro,tienda_B,10354
11/26/2020,Pro,tienda_B,7352
3/14/2021,Pro,tienda_B,1929
7/8/2020,Pro,tienda_B,11491
2/2/2020,Pro,tienda_B,1746
9/19/2020,Pro,tienda_B,2799
2/20/2020,Pro,tienda_B,10775
2/18/2021,Pro,tienda_B,9408
5/9/2021,Pro,tienda_B,1896
7/30/2020,Pro,tienda_B,10737
7/21/2020,Pro,tienda_B,11913
5/12/2021,Pro,tienda_B,9634
5/29/2021,Pro,tienda_B,2337
2/27/2021,Pro,tienda_B,2737
4/4/2021,Pro,tienda_B,1517
7/7/2020,Pro,tienda_B,12285
2/22/2021,Pro,tienda_B,10877
4/26/2021,Pro,tienda_B,9903
6/29/2020,Pro,tienda_B,12329
5/1/2020,Pro,tienda_B,5633
9/22/2020,Pro,tienda_B,10271
3/3/2021,Pro,tienda_B,10620
6/24/2020,Pro,tienda_B,11261
7/5/2020,Pro,tienda_B,1899
6/7/2020,Pro,tienda_B,2155
4/23/2020,Pro,tienda_B,10243
4/6/2020,Pro,tienda_B,7992
2/9/2021,Pro,tienda_B,9309
2/22/2020,Pro,tienda_B,2777
8/14/2020,Pro,tienda_B,10010
12/4/2020,Pro,tienda_B,8913
6/24/2021,Pro,tienda_B,8143
4/12/2020,Pro,tienda_B,1746
7/18/2020,Pro,tienda_B,2900
8/23/2020,Pro,tienda_B,2300
5/2/2021,Pro,tienda_B,1675
12/27/2020,Pro,tienda_B,1800
3/18/2021,Pro,tienda_B,10168
8/28/2020,Pro,tienda_B,10085
7/14/2020,Pro,tienda_B,11391
5/1/2021,Pro,tienda_B,2223
4/4/2020,Pro,tienda_B,2231
11/19/2020,Pro,tienda_B,10385
7/25/2020,Pro,tienda_B,2811
3/1/2020,Pro,tienda_B,2187
6/16/2020,Pro,tienda_B,11875
3/30/2020,Pro,tienda_B,10591
4/3/2020,Pro,tienda_B,8300
7/9/2020,Pro,tienda_B,10592
5/7/2020,Pro,tienda_B,10710
12/24/2020,Pro,tienda_B,6196
5/19/2021,Pro,tienda_B,9364
4/22/2020,Pro,tienda_B,10608
6/25/2020,Pro,tienda_B,8866
4/13/2021,Pro,tienda_B,9848
2/10/2020,Pro,tienda_B,11378
5/27/2021,Pro,tienda_B,9905
5/28/2020,Pro,tienda_B,10615
2/4/2021,Pro,tienda_B,9929
5/18/2021,Pro,tienda_B,10267
8/2/2020,Pro,tienda_B,1936
4/6/2021,Pro,tienda_B,10387
1/12/2021,Pro,tienda_B,10946
3/9/2020,Pro,tienda_B,12279
3/24/2021,Pro,tienda_B,10328
11/4/2020,Pro,tienda_B,10275
7/15/2020,Pro,tienda_B,11270
4/16/2020,Pro,tienda_B,10260
8/10/2020,Pro,tienda_B,11684
3/20/2020,Pro,tienda_B,8532
8/24/2020,Pro,tienda_B,12318
4/1/2021,Pro,tienda_B,9052
1/28/2021,Pro,tienda_B,10107
2/19/2020,Pro,tienda_B,11302
6/9/2021,Pro,tienda_B,9529
3/29/2020,Pro,tienda_B,1934
5/2/2020,Pro,tienda_B,2397
11/8/2020,Pro,tienda_B,2175
5/23/2021,Pro,tienda_B,2103
3/11/2021,Pro,tienda_B,9935
3/29/2021,Pro,tienda_B,10080
11/7/2020,Pro,tienda_B,2838
2/23/2021,Pro,tienda_B,10176
3/6/2021,Pro,tienda_B,2801
4/21/2021,Pro,tienda_B,9242
12/2/2020,Pro,tienda_B,10181
3/22/2020,Pro,tienda_B,1856
8/31/2020,Pro,tienda_B,11721
9/18/2020,Pro,tienda_B,9804
8/3/2020,Pro,tienda_B,11064
10/31/2020,Pro,tienda_B,2661
4/17/2021,Pro,tienda_B,2767
1/6/2021,Pro,tienda_B,9811
3/9/2021,Pro,tienda_B,10749
3/21/2020,Pro,tienda_B,2788
3/2/2021,Pro,tienda_B,11001
8/7/2020,Pro,tienda_B,9915
5/16/2020,Pro,tienda_B,3136
1/24/2021,Pro,tienda_B,2047
7/1/2020,Pro,tienda_B,11583
1/27/2021,Pro,tienda_B,10438
7/23/2020,Pro,tienda_B,10711
3/27/2021,Pro,tienda_B,2648
3/6/2020,Pro,tienda_B,10697
1/15/2021,Pro,tienda_B,9594
3/15/2020,Pro,tienda_B,2129
4/20/2020,Pro,tienda_B,10989
5/30/2020,Pro,tienda_B,2801
2/14/2020,Pro,tienda_B,9167
9/7/2020,Pro,tienda_B,8577
5/17/2021,Pro,tienda_B,10450
8/9/2020,Pro,tienda_B,1950
8/12/2020,Pro,tienda_B,11049
5/13/2021,Pro,tienda_B,8787
9/26/2020,Pro,tienda_B,2568
5/14/2020,Pro,tienda_B,10847
6/10/2021,Pro,tienda_B,9448
9/4/2020,Pro,tienda_B,9525
4/27/2020,Pro,tienda_B,11433
12/3/2020,Pro,tienda_B,10310
9/20/2020,Pro,tienda_B,2109
4/18/2021,Pro,tienda_B,2001
7/6/2020,Pro,tienda_B,12140
2/21/2020,Pro,tienda_B,9809
4/25/2020,Pro,tienda_B,2704
2/12/2020,Pro,tienda_B,10715
8/6/2020,Pro,tienda_B,10870
9/2/2020,Pro,tienda_B,10954
3/18/2020,Pro,tienda_B,9653
7/19/2020,Pro,tienda_B,2264
7/24/2020,Pro,tienda_B,9931
3/23/2020,Pro,tienda_B,10067
12/22/2020,Pro,tienda_B,9383
6/5/2020,Pro,tienda_B,9883
4/5/2020,Pro,tienda_B,1754
7/4/2020,Pro,tienda_B,2530
8/4/2020,Pro,tienda_B,11228
11/29/2020,Pro,tienda_B,2002
5/15/2020,Pro,tienda_B,10170
7/12/2020,Pro,tienda_B,2287
3/16/2021,Pro,tienda_B,10628
6/24/2021,Pro,tienda_C,3228
6/25/2020,Pro,tienda_C,3150
3/27/2021,Pro,tienda_C,1664
1/30/2021,Pro,tienda_C,1794
4/13/2021,Pro,tienda_C,4772
8/20/2020,Pro,tienda_C,4786
3/15/2021,Pro,tienda_C,5472
12/11/2020,Pro,tienda_C,5157
3/10/2021,Pro,tienda_C,5278
7/16/2020,Pro,tienda_C,5153
1/17/2021,Pro,tienda_C,1937
7/25/2020,Pro,tienda_C,1782
2/9/2021,Pro,tienda_C,5309
2/26/2021,Pro,tienda_C,4985
5/18/2021,Pro,tienda_C,4560
3/17/2020,Pro,tienda_C,4
8/17/2020,Pro,tienda_C,5648
1/8/2021,Pro,tienda_C,4399
3/18/2021,Pro,tienda_C,5522
1/21/2021,Pro,tienda_C,5430
6/15/2021,Pro,tienda_C,5221
7/31/2020,Pro,tienda_C,4133
4/20/2021,Pro,tienda_C,5184
11/5/2020,Pro,tienda_C,5462
1/27/2021,Pro,tienda_C,5330
8/7/2020,Pro,tienda_C,4437
9/3/2020,Pro,tienda_C,4704
7/9/2020,Pro,tienda_C,3202
5/21/2021,Pro,tienda_C,4432
6/21/2021,Pro,tienda_C,4774
4/8/2020,Pro,tienda_C,2
2/15/2020,Pro,tienda_C,0
4/6/2020,Pro,tienda_C,2
5/7/2020,Pro,tienda_C,2
2/11/2020,Pro,tienda_C,6
5/15/2020,Pro,tienda_C,2
2/22/2020,Pro,tienda_C,0
3/19/2020,Pro,tienda_C,0
4/4/2020,Pro,tienda_C,0
4/23/2020,Pro,tienda_C,0
4/18/2020,Pro,tienda_C,0
11/1/2020,Pro,tienda_C,2105
5/5/2021,Pro,tienda_C,4554
2/10/2021,Pro,tienda_C,4847
8/31/2020,Pro,tienda_C,4871
6/13/2021,Pro,tienda_C,1604
8/13/2020,Pro,tienda_C,5154
2/3/2021,Pro,tienda_C,5471
3/9/2020,Pro,tienda_C,0
2/8/2021,Pro,tienda_C,5330
12/25/2020,Pro,tienda_C,1198
4/12/2021,Pro,tienda_C,5436
4/17/2021,Pro,tienda_C,1632
11/6/2020,Pro,tienda_C,4737
7/26/2020,Pro,tienda_C,2087
5/3/2020,Pro,tienda_C,0
11/21/2020,Pro,tienda_C,1913
11/10/2020,Pro,tienda_C,5791
5/2/2021,Pro,tienda_C,1453
8/18/2020,Pro,tienda_C,5227
9/14/2020,Pro,tienda_C,5180
9/30/2020,Pro,tienda_C,4935
7/27/2020,Pro,tienda_C,5185
5/26/2021,Pro,tienda_C,4897
8/5/2020,Pro,tienda_C,5352
5/21/2020,Pro,tienda_C,2738
9/15/2020,Pro,tienda_C,5607
3/23/2021,Pro,tienda_C,5456
3/3/2020,Pro,tienda_C,2
2/8/2020,Pro,tienda_C,0
2/26/2020,Pro,tienda_C,0
4/29/2020,Pro,tienda_C,2
2/14/2020,Pro,tienda_C,4
2/21/2021,Pro,tienda_C,1984
4/24/2021,Pro,tienda_C,1721
11/29/2020,Pro,tienda_C,2042
7/6/2020,Pro,tienda_C,3097
12/22/2020,Pro,tienda_C,5554
9/1/2020,Pro,tienda_C,4850
5/23/2020,Pro,tienda_C,767
3/31/2021,Pro,tienda_C,5207
5/28/2020,Pro,tienda_C,2765
4/7/2021,Pro,tienda_C,4965
6/7/2021,Pro,tienda_C,4763
12/16/2020,Pro,tienda_C,5852
1/2/2021,Pro,tienda_C,938
11/18/2020,Pro,tienda_C,5791
5/10/2021,Pro,tienda_C,4741
2/16/2021,Pro,tienda_C,4882
6/19/2020,Pro,tienda_C,2441
2/5/2021,Pro,tienda_C,4737
8/25/2020,Pro,tienda_C,5248
4/3/2021,Pro,tienda_C,1333
1/12/2021,Pro,tienda_C,5543
6/1/2020,Pro,tienda_C,2622
9/18/2020,Pro,tienda_C,4733
3/26/2021,Pro,tienda_C,4638
7/13/2020,Pro,tienda_C,4881
7/18/2020,Pro,tienda_C,1783
5/6/2021,Pro,tienda_C,4770
3/17/2021,Pro,tienda_C,5290
6/24/2020,Pro,tienda_C,3175
6/6/2021,Pro,tienda_C,1736
2/13/2021,Pro,tienda_C,1565
11/4/2020,Pro,tienda_C,5555
4/4/2021,Pro,tienda_C,1260
9/8/2020,Pro,tienda_C,4984
9/19/2020,Pro,tienda_C,2121
11/16/2020,Pro,tienda_C,5538
1/28/2021,Pro,tienda_C,5343
12/23/2020,Pro,tienda_C,5042
12/9/2020,Pro,tienda_C,6075
6/17/2021,Pro,tienda_C,4848
5/29/2021,Pro,tienda_C,1563
7/24/2020,Pro,tienda_C,4364
3/5/2021,Pro,tienda_C,4804
6/26/2020,Pro,tienda_C,2936
6/8/2020,Pro,tienda_C,2977
5/17/2020,Pro,tienda_C,0
3/16/2020,Pro,tienda_C,0
8/27/2020,Pro,tienda_C,4851
11/25/2020,Pro,tienda_C,5108
5/9/2021,Pro,tienda_C,1795
5/31/2021,Pro,tienda_C,2694
11/19/2020,Pro,tienda_C,5734
11/28/2020,Pro,tienda_C,1692
3/8/2021,Pro,tienda_C,5646
2/21/2020,Pro,tienda_C,0
3/29/2020,Pro,tienda_C,0
3/18/2020,Pro,tienda_C,6
2/20/2020,Pro,tienda_C,2
1/24/2021,Pro,tienda_C,1886
4/18/2021,Pro,tienda_C,1704
9/23/2020,Pro,tienda_C,5425
7/23/2020,Pro,tienda_C,5112
1/29/2021,Pro,tienda_C,4786
12/15/2020,Pro,tienda_C,5806
6/18/2021,Pro,tienda_C,4178
4/2/2021,Pro,tienda_C,3247
6/3/2020,Pro,tienda_C,2793
7/22/2020,Pro,tienda_C,5041
8/22/2020,Pro,tienda_C,1861
9/4/2020,Pro,tienda_C,3883
9/26/2020,Pro,tienda_C,2364
2/18/2021,Pro,tienda_C,4893
3/2/2021,Pro,tienda_C,5610
12/18/2020,Pro,tienda_C,4889
3/6/2021,Pro,tienda_C,1891
9/21/2020,Pro,tienda_C,5314
1/6/2021,Pro,tienda_C,4759
8/19/2020,Pro,tienda_C,5105
6/18/2020,Pro,tienda_C,3331
1/19/2021,Pro,tienda_C,5222
7/28/2020,Pro,tienda_C,5267
6/12/2021,Pro,tienda_C,1886
5/18/2020,Pro,tienda_C,2
4/27/2020,Pro,tienda_C,8
6/21/2020,Pro,tienda_C,1002
7/1/2020,Pro,tienda_C,3374
2/13/2020,Pro,tienda_C,4
2/27/2020,Pro,tienda_C,0
4/7/2020,Pro,tienda_C,0
3/15/2020,Pro,tienda_C,0
3/14/2020,Pro,tienda_C,0
3/21/2021,Pro,tienda_C,1852
6/14/2020,Pro,tienda_C,1067
1/3/2021,Pro,tienda_C,1368
2/17/2021,Pro,tienda_C,5414
4/26/2021,Pro,tienda_C,5059
2/22/2021,Pro,tienda_C,5177
11/26/2020,Pro,tienda_C,3622
12/7/2020,Pro,tienda_C,5777
1/22/2021,Pro,tienda_C,4767
11/27/2020,Pro,tienda_C,3300
3/30/2021,Pro,tienda_C,5261
8/8/2020,Pro,tienda_C,1861
3/3/2021,Pro,tienda_C,5793
5/27/2021,Pro,tienda_C,5143
4/8/2021,Pro,tienda_C,4963
6/6/2020,Pro,tienda_C,1157
5/30/2021,Pro,tienda_C,1500
8/29/2020,Pro,tienda_C,1939
6/23/2020,Pro,tienda_C,3363
6/12/2020,Pro,tienda_C,2750
11/22/2020,Pro,tienda_C,2268
9/24/2020,Pro,tienda_C,5315
4/23/2021,Pro,tienda_C,4274
11/13/2020,Pro,tienda_C,5068
6/3/2021,Pro,tienda_C,4794
4/10/2021,Pro,tienda_C,1634
6/7/2020,Pro,tienda_C,415
3/12/2020,Pro,tienda_C,0
5/9/2020,Pro,tienda_C,0
5/12/2020,Pro,tienda_C,6
3/26/2020,Pro,tienda_C,0
5/6/2020,Pro,tienda_C,0
12/10/2020,Pro,tienda_C,5847
5/22/2021,Pro,tienda_C,1636
6/9/2020,Pro,tienda_C,3167
8/3/2020,Pro,tienda_C,4913
7/7/2020,Pro,tienda_C,3204
11/7/2020,Pro,tienda_C,2188
12/20/2020,Pro,tienda_C,2130
3/11/2021,Pro,tienda_C,5196
9/13/2020,Pro,tienda_C,2118
8/30/2020,Pro,tienda_C,2051
9/22/2020,Pro,tienda_C,5387
12/30/2020,Pro,tienda_C,3872
2/4/2021,Pro,tienda_C,5401
2/24/2020,Pro,tienda_C,0
12/24/2020,Pro,tienda_C,2959
5/19/2021,Pro,tienda_C,4868
12/8/2020,Pro,tienda_C,5984
1/5/2021,Pro,tienda_C,4948
2/3/2020,Pro,tienda_C,2
6/11/2021,Pro,tienda_C,4509
6/16/2020,Pro,tienda_C,3135
6/16/2021,Pro,tienda_C,4976
2/19/2021,Pro,tienda_C,4470
3/29/2021,Pro,tienda_C,5177
5/20/2021,Pro,tienda_C,4502
4/5/2021,Pro,tienda_C,4097
8/24/2020,Pro,tienda_C,5006
4/28/2021,Pro,tienda_C,4789
4/14/2020,Pro,tienda_C,0
2/6/2020,Pro,tienda_C,2
3/22/2020,Pro,tienda_C,0
3/20/2020,Pro,tienda_C,0
4/28/2020,Pro,tienda_C,2
2/19/2020,Pro,tienda_C,14
6/25/2021,Pro,tienda_C,0
3/23/2020,Pro,tienda_C,0
7/20/2020,Pro,tienda_C,5140
3/14/2021,Pro,tienda_C,1771
5/12/2021,Pro,tienda_C,5045
10/31/2020,Pro,tienda_C,1685
7/10/2020,Pro,tienda_C,4482
2/20/2021,Pro,tienda_C,1944
1/23/2021,Pro,tienda_C,1867
8/11/2020,Pro,tienda_C,5202
2/6/2021,Pro,tienda_C,2037
6/30/2020,Pro,tienda_C,3144
5/24/2020,Pro,tienda_C,645
3/27/2020,Pro,tienda_C,0
3/10/2020,Pro,tienda_C,4
5/4/2020,Pro,tienda_C,10
2/28/2020,Pro,tienda_C,2
4/30/2020,Pro,tienda_C,2
3/21/2020,Pro,tienda_C,0
9/6/2020,Pro,tienda_C,1757
12/27/2020,Pro,tienda_C,1611
5/11/2021,Pro,tienda_C,5159
9/28/2020,Pro,tienda_C,5373
8/21/2020,Pro,tienda_C,4135
3/4/2021,Pro,tienda_C,5460
1/13/2021,Pro,tienda_C,5363
5/4/2021,Pro,tienda_C,4417
12/4/2020,Pro,tienda_C,5158
3/22/2021,Pro,tienda_C,5475
5/15/2021,Pro,tienda_C,1792
7/29/2020,Pro,tienda_C,5347
3/25/2021,Pro,tienda_C,5430
6/22/2020,Pro,tienda_C,3147
3/30/2020,Pro,tienda_C,6
6/8/2021,Pro,tienda_C,5052
6/20/2020,Pro,tienda_C,1009
3/16/2021,Pro,tienda_C,5593
12/3/2020,Pro,tienda_C,5962
8/23/2020,Pro,tienda_C,1890
5/29/2020,Pro,tienda_C,2789
5/28/2021,Pro,tienda_C,4199
5/2/2020,Pro,tienda_C,0
12/17/2020,Pro,tienda_C,6045
5/13/2021,Pro,tienda_C,4056
6/11/2020,Pro,tienda_C,3106
6/17/2020,Pro,tienda_C,3217
1/11/2021,Pro,tienda_C,5254
11/20/2020,Pro,tienda_C,4931
6/29/2020,Pro,tienda_C,3451
5/20/2020,Pro,tienda_C,2973
11/9/2020,Pro,tienda_C,5418
4/16/2020,Pro,tienda_C,2
7/5/2020,Pro,tienda_C,878
5/30/2020,Pro,tienda_C,1068
12/5/2020,Pro,tienda_C,2069
3/1/2020,Pro,tienda_C,0
4/11/2020,Pro,tienda_C,0
9/17/2020,Pro,tienda_C,5089
8/16/2020,Pro,tienda_C,2149
11/23/2020,Pro,tienda_C,5770
6/9/2021,Pro,tienda_C,4906
11/11/2020,Pro,tienda_C,5034
2/23/2021,Pro,tienda_C,5394
5/8/2021,Pro,tienda_C,1581
4/11/2021,Pro,tienda_C,1967
4/6/2021,Pro,tienda_C,5059
4/19/2020,Pro,tienda_C,0
4/26/2020,Pro,tienda_C,0
4/24/2020,Pro,tienda_C,8
4/15/2020,Pro,tienda_C,0
5/11/2020,Pro,tienda_C,2
4/13/2020,Pro,tienda_C,0
3/5/2020,Pro,tienda_C,2
2/7/2020,Pro,tienda_C,0
5/1/2020,Pro,tienda_C,0
4/22/2021,Pro,tienda_C,4820
6/14/2021,Pro,tienda_C,4702
12/12/2020,Pro,tienda_C,2198
3/13/2020,Pro,tienda_C,9
12/13/2020,Pro,tienda_C,2285
12/2/2020,Pro,tienda_C,5847
6/28/2020,Pro,tienda_C,1229
3/24/2021,Pro,tienda_C,5505
4/15/2021,Pro,tienda_C,5277
8/1/2020,Pro,tienda_C,1780
7/15/2020,Pro,tienda_C,4971
6/22/2021,Pro,tienda_C,4923
5/25/2020,Pro,tienda_C,1296
2/9/2020,Pro,tienda_C,0
1/18/2021,Pro,tienda_C,4138
5/17/2021,Pro,tienda_C,4691
5/23/2021,Pro,tienda_C,1789
12/26/2020,Pro,tienda_C,1050
3/12/2021,Pro,tienda_C,4896
3/31/2020,Pro,tienda_C,3
2/24/2021,Pro,tienda_C,5634
1/10/2021,Pro,tienda_C,1863
4/21/2021,Pro,tienda_C,4760
6/10/2021,Pro,tienda_C,5045
11/8/2020,Pro,tienda_C,2099
8/2/2020,Pro,tienda_C,1924
8/10/2020,Pro,tienda_C,5256
5/7/2021,Pro,tienda_C,4479
1/1/2021,Pro,tienda_C,846
12/28/2020,Pro,tienda_C,4559
4/1/2021,Pro,tienda_C,5031
12/19/2020,Pro,tienda_C,2168
2/15/2021,Pro,tienda_C,3872
5/25/2021,Pro,tienda_C,4651
8/12/2020,Pro,tienda_C,5176
1/4/2021,Pro,tienda_C,4721
11/3/2020,Pro,tienda_C,5721
4/27/2021,Pro,tienda_C,4568
1/16/2021,Pro,tienda_C,1744
1/14/2021,Pro,tienda_C,5148
6/27/2020,Pro,tienda_C,1061
3/9/2021,Pro,tienda_C,5392
9/7/2020,Pro,tienda_C,3141
5/13/2020,Pro,tienda_C,2
3/19/2021,Pro,tienda_C,4559
5/31/2020,Pro,tienda_C,872
6/4/2020,Pro,tienda_C,2768
3/8/2020,Pro,tienda_C,0
2/2/2021,Pro,tienda_C,5782
1/15/2021,Pro,tienda_C,4568
5/14/2020,Pro,tienda_C,0
3/2/2020,Pro,tienda_C,6
2/4/2020,Pro,tienda_C,0
3/6/2020,Pro,tienda_C,4
4/20/2020,Pro,tienda_C,3
5/16/2020,Pro,tienda_C,0
8/9/2020,Pro,tienda_C,1976
7/12/2020,Pro,tienda_C,2080
2/27/2021,Pro,tienda_C,1690
4/29/2021,Pro,tienda_C,4713
3/20/2021,Pro,tienda_C,1759
1/7/2021,Pro,tienda_C,4833
2/14/2021,Pro,tienda_C,1601
4/25/2021,Pro,tienda_C,1926
11/2/2020,Pro,tienda_C,5433
7/17/2020,Pro,tienda_C,4393
6/2/2020,Pro,tienda_C,2903
6/19/2021,Pro,tienda_C,1614
6/5/2021,Pro,tienda_C,1706
4/5/2020,Pro,tienda_C,0
9/25/2020,Pro,tienda_C,4748
6/5/2020,Pro,tienda_C,2756
2/28/2021,Pro,tienda_C,1913
12/6/2020,Pro,tienda_C,2328
2/11/2021,Pro,tienda_C,4923
9/29/2020,Pro,tienda_C,5170
2/12/2020,Pro,tienda_C,0
7/8/2020,Pro,tienda_C,3308
7/4/2020,Pro,tienda_C,873
5/19/2020,Pro,tienda_C,2
3/25/2020,Pro,tienda_C,0
4/2/2020,Pro,tienda_C,0
4/10/2020,Pro,tienda_C,0
5/10/2020,Pro,tienda_C,0
2/16/2020,Pro,tienda_C,0
11/12/2020,Pro,tienda_C,5758
8/26/2020,Pro,tienda_C,4954
1/25/2021,Pro,tienda_C,5451
7/11/2020,Pro,tienda_C,1969
9/12/2020,Pro,tienda_C,2089
5/27/2020,Pro,tienda_C,2811
5/1/2021,Pro,tienda_C,1459
5/14/2021,Pro,tienda_C,3864
6/1/2021,Pro,tienda_C,4569
7/3/2020,Pro,tienda_C,1871
12/21/2020,Pro,tienda_C,5457
9/9/2020,Pro,tienda_C,5231
2/1/2021,Pro,tienda_C,5565
2/12/2021,Pro,tienda_C,4394
3/7/2020,Pro,tienda_C,0
1/9/2021,Pro,tienda_C,1644
3/28/2021,Pro,tienda_C,1858
1/20/2021,Pro,tienda_C,5243
6/20/2021,Pro,tienda_C,1841
4/14/2021,Pro,tienda_C,5145
7/14/2020,Pro,tienda_C,5263
8/28/2020,Pro,tienda_C,4415
11/17/2020,Pro,tienda_C,5962
5/16/2021,Pro,tienda_C,1806
3/11/2020,Pro,tienda_C,1
4/3/2020,Pro,tienda_C,0
2/2/2020,Pro,tienda_C,0
2/10/2020,Pro,tienda_C,4
4/12/2020,Pro,tienda_C,0
4/22/2020,Pro,tienda_C,4
6/2/2021,Pro,tienda_C,4433
8/14/2020,Pro,tienda_C,4209
7/2/2020,Pro,tienda_C,3058
9/5/2020,Pro,tienda_C,1458
2/5/2020,Pro,tienda_C,4
1/31/2021,Pro,tienda_C,1890
8/4/2020,Pro,tienda_C,5315
4/30/2021,Pro,tienda_C,4349
11/15/2020,Pro,tienda_C,2100
7/30/2020,Pro,tienda_C,5125
11/24/2020,Pro,tienda_C,5646
3/7/2021,Pro,tienda_C,1991
9/20/2020,Pro,tienda_C,2187
3/1/2021,Pro,tienda_C,5423
4/16/2021,Pro,tienda_C,4539
12/31/2020,Pro,tienda_C,2512
4/9/2021,Pro,tienda_C,4559
7/19/2020,Pro,tienda_C,1701
11/30/2020,Pro,tienda_C,5270
5/3/2021,Pro,tienda_C,3906
9/16/2020,Pro,tienda_C,5406
12/14/2020,Pro,tienda_C,5924
5/22/2020,Pro,tienda_C,2416
8/6/2020,Pro,tienda_C,5058
9/2/2020,Pro,tienda_C,5057
6/13/2020,Pro,tienda_C,1143
2/17/2020,Pro,tienda_C,4
5/5/2020,Pro,tienda_C,2
6/15/2020,Pro,tienda_C,2947
3/4/2020,Pro,tienda_C,2
2/29/2020,Pro,tienda_C,0
9/27/2020,Pro,tienda_C,2294
6/23/2021,Pro,tienda_C,5131
6/10/2020,Pro,tienda_C,3261
7/21/2020,Pro,tienda_C,4960
1/26/2021,Pro,tienda_C,5389
2/7/2021,Pro,tienda_C,2024
6/4/2021,Pro,tienda_C,4201
12/29/2020,Pro,tienda_C,4349
3/13/2021,Pro,tienda_C,1831
5/24/2021,Pro,tienda_C,4556
11/14/2020,Pro,tienda_C,1705
2/25/2021,Pro,tienda_C,5288
9/10/2020,Pro,tienda_C,5456
12/1/2020,Pro,tienda_C,5787
9/11/2020,Pro,tienda_C,4735
4/19/2021,Pro,tienda_C,4732
8/15/2020,Pro,tienda_C,1754
5/26/2020,Pro,tienda_C,2753
2/25/2020,Pro,tienda_C,2
4/21/2020,Pro,tienda_C,0
2/18/2020,Pro,tienda_C,3
4/1/2020,Pro,tienda_C,6
3/24/2020,Pro,tienda_C,8
3/28/2020,Pro,tienda_C,0
4/9/2020,Pro,tienda_C,4
2/23/2020,Pro,tienda_C,0
4/17/2020,Pro,tienda_C,0
4/25/2020,Pro,tienda_C,0
5/8/2020,Pro,tienda_C,8
